module	files	lines	n.cpp	lines.cpp	n.h	lines.h	n.ipp	lines.ipp	n.inc	lines.inc	n.c	lines.c	n.cc	lines.cc	n.hpp	lines.hpp	n.def	lines.def	n.y	lines.y	n.l	lines.l
src/sql/engine	1379	351879	679	265754	695	84538	5	1587	0	0	0	0	0	0	0	0	0	0	0	0	0	0
src/storage/fts	72	286569	33	283157	39	3412	0	0	0	0	0	0	0	0	0	0	0	0	0	0	0	0
src/oblib/lib	570	210456	163	69233	369	107110	4	1210	0	0	25	19375	8	13504	1	24	0	0	0	0	0	0
src/sql/optimizer	205	155780	100	125190	105	30590	0	0	0	0	0	0	0	0	0	0	0	0	0	0	0	0
src/sql/resolver	338	153657	151	121317	185	30040	0	0	0	0	0	0	0	0	0	0	2	2300	0	0	0	0
src/oblib/common	187	149557	78	105370	106	40979	2	969	0	0	1	2239	0	0	0	0	0	0	0	0	0	0
src/sql/rewrite	95	97271	47	84205	48	13066	0	0	0	0	0	0	0	0	0	0	0	0	0	0	0	0
src/storage/blocksstable	235	87627	113	60877	121	26582	1	168	0	0	0	0	0	0	0	0	0	0	0	0	0	0
src/share/schema	110	76495	52	54380	57	22041	1	74	0	0	0	0	0	0	0	0	0	0	0	0	0	0
src/share/(files at module root)	174	69142	71	45100	101	22120	0	0	0	0	0	0	0	0	0	0	2	1922	0	0	0	0
src/observer/virtual_table	309	50388	155	38675	154	11713	0	0	0	0	0	0	0	0	0	0	0	0	0	0	0	0
src/share/geo	179	47684	86	28957	82	14020	10	4275	0	0	1	432	0	0	0	0	0	0	0	0	0	0
src/sql/das	103	46252	50	35220	53	11032	0	0	0	0	0	0	0	0	0	0	0	0	0	0	0	0
src/storage/tx	104	37515	48	24398	56	13117	0	0	0	0	0	0	0	0	0	0	0	0	0	0	0	0
src/storage/tablet	113	34645	54	24925	58	8863	1	857	0	0	0	0	0	0	0	0	0	0	0	0	0	0
src/storage/ddl	100	34344	51	25408	49	8936	0	0	0	0	0	0	0	0	0	0	0	0	0	0	0	0
src/sql/session	22	33062	11	22714	11	10348	0	0	0	0	0	0	0	0	0	0	0	0	0	0	0	0
src/storage/compaction	101	32965	50	23613	51	9352	0	0	0	0	0	0	0	0	0	0	0	0	0	0	0	0
src/storage/access	96	32058	46	20559	48	9186	2	2313	0	0	0	0	0	0	0	0	0	0	0	0	0	0
src/sql/parser	37	31537	9	4583	18	3181	0	0	0	0	6	2862	0	0	0	0	0	0	2	18973	2	1938
src/sql/(files at module root)	36	27632	15	20777	21	6855	0	0	0	0	0	0	0	0	0	0	0	0	0	0	0	0
src/storage/(files at module root)	91	27420	39	16200	52	11220	0	0	0	0	0	0	0	0	0	0	0	0	0	0	0	0
src/storage/memtable	63	27023	25	17980	38	9043	0	0	0	0	0	0	0	0	0	0	0	0	0	0	0	0
src/observer/vector_index	33	25210	19	22723	14	2487	0	0	0	0	0	0	0	0	0	0	0	0	0	0	0	0
src/storage/tmp_file	46	20893	23	16593	23	4300	0	0	0	0	0	0	0	0	0	0	0	0	0	0	0	0
src/sql/code_generator	15	20519	7	18334	8	2185	0	0	0	0	0	0	0	0	0	0	0	0	0	0	0	0
src/sql/plan_cache	54	19890	25	13689	29	6201	0	0	0	0	0	0	0	0	0	0	0	0	0	0	0	0
src/share/object	10	17006	4	15898	6	1108	0	0	0	0	0	0	0	0	0	0	0	0	0	0	0	0
src/storage/tablelock	35	16157	16	11590	18	4452	1	115	0	0	0	0	0	0	0	0	0	0	0	0	0	0
src/observer/(files at module root)	53	16150	26	12350	27	3800	0	0	0	0	0	0	0	0	0	0	0	0	0	0	0	0
src/storage/ls	31	15425	14	11965	17	3460	0	0	0	0	0	0	0	0	0	0	0	0	0	0	0	0
src/observer/mysql	66	14372	32	11633	34	2739	0	0	0	0	0	0	0	0	0	0	0	0	0	0	0	0
src/storage/multi_data_source	65	14243	22	3705	36	5404	7	5134	0	0	0	0	0	0	0	0	0	0	0	0	0	0
src/storage/lob	44	14210	21	10748	23	3462	0	0	0	0	0	0	0	0	0	0	0	0	0	0	0	0
src/share/system_variable	6	14006	2	12346	4	1660	0	0	0	0	0	0	0	0	0	0	0	0	0	0	0	0
src/oblib/grpc	8	13020	2	449	4	6934	0	0	0	0	0	0	2	5637	0	0	0	0	0	0	0	0
src/storage/meta_mem	30	11731	13	8092	17	3639	0	0	0	0	0	0	0	0	0	0	0	0	0	0	0	0
src/observer/schema	4	11356	1	6464	2	1540	1	3352	0	0	0	0	0	0	0	0	0	0	0	0	0	0
src/sql/printer	14	11079	7	10058	7	1021	0	0	0	0	0	0	0	0	0	0	0	0	0	0	0	0
src/storage/retrieval	33	10674	17	8209	16	2465	0	0	0	0	0	0	0	0	0	0	0	0	0	0	0	0
src/sql/pl	34	10478	1	80	33	10398	0	0	0	0	0	0	0	0	0	0	0	0	0	0	0	0
src/sql/dtl	42	9995	19	5649	23	4346	0	0	0	0	0	0	0	0	0	0	0	0	0	0	0	0
src/storage/tx_table	27	9956	13	6815	14	3141	0	0	0	0	0	0	0	0	0	0	0	0	0	0	0	0
src/share/cache	22	8356	8	4384	13	3635	1	337	0	0	0	0	0	0	0	0	0	0	0	0	0	0
src/storage/tx_storage	23	8243	11	6272	12	1971	0	0	0	0	0	0	0	0	0	0	0	0	0	0	0	0
src/share/io	11	7584	5	5776	6	1808	0	0	0	0	0	0	0	0	0	0	0	0	0	0	0	0
src/storage/scheduler	6	6446	4	6081	2	365	0	0	0	0	0	0	0	0	0	0	0	0	0	0	0	0
src/oblib/rpc	60	6176	23	2528	37	3648	0	0	0	0	0	0	0	0	0	0	0	0	0	0	0	0
src/share/config	22	6105	9	3368	13	2737	0	0	0	0	0	0	0	0	0	0	0	0	0	0	0	0
src/sql/hybrid_search	10	6060	5	5078	5	982	0	0	0	0	0	0	0	0	0	0	0	0	0	0	0	0
src/storage/slog_ckpt	24	5822	12	4532	12	1290	0	0	0	0	0	0	0	0	0	0	0	0	0	0	0	0
src/sql/monitor	15	5534	7	3929	8	1605	0	0	0	0	0	0	0	0	0	0	0	0	0	0	0	0
src/observer/omt	15	4852	7	3741	8	1111	0	0	0	0	0	0	0	0	0	0	0	0	0	0	0	0
src/observer/change_stream	12	4613	6	3595	6	1018	0	0	0	0	0	0	0	0	0	0	0	0	0	0	0	0
src/storage/slog	24	4416	12	3279	12	1137	0	0	0	0	0	0	0	0	0	0	0	0	0	0	0	0
src/storage/deadlock	17	4380	6	2669	11	1711	0	0	0	0	0	0	0	0	0	0	0	0	0	0	0	0
src/storage/truncate_info	18	3531	9	2872	9	659	0	0	0	0	0	0	0	0	0	0	0	0	0	0	0	0
src/share/datum	23	3469	15	807	6	2533	2	129	0	0	0	0	0	0	0	0	0	0	0	0	0	0
src/share/storage	17	3075	8	2246	9	829	0	0	0	0	0	0	0	0	0	0	0	0	0	0	0	0
src/oblib/easy	19	3017	0	0	19	3017	0	0	0	0	0	0	0	0	0	0	0	0	0	0	0	0
src/observer/dbms_scheduler	11	2890	5	2353	6	537	0	0	0	0	0	0	0	0	0	0	0	0	0	0	0	0
src/share/tablet	13	2407	6	1785	7	622	0	0	0	0	0	0	0	0	0	0	0	0	0	0	0	0
src/storage/checkpoint	7	2123	3	1449	4	674	0	0	0	0	0	0	0	0	0	0	0	0	0	0	0	0
src/storage/allocator	14	2098	7	957	7	1141	0	0	0	0	0	0	0	0	0	0	0	0	0	0	0	0
src/sql/privilege_check	4	2081	2	1902	2	179	0	0	0	0	0	0	0	0	0	0	0	0	0	0	0	0
src/storage/vector_index	2	1951	1	1420	1	531	0	0	0	0	0	0	0	0	0	0	0	0	0	0	0	0
src/sql/executor	16	1912	8	1357	8	555	0	0	0	0	0	0	0	0	0	0	0	0	0	0	0	0
src/share/redolog	12	1876	5	1253	7	623	0	0	0	0	0	0	0	0	0	0	0	0	0	0	0	0
src/storage/throttle	9	1811	2	150	5	738	2	923	0	0	0	0	0	0	0	0	0	0	0	0	0	0
src/storage/vector_type	26	1768	12	1146	14	622	0	0	0	0	0	0	0	0	0	0	0	0	0	0	0	0
src/storage/meta_store	16	1697	8	1161	8	536	0	0	0	0	0	0	0	0	0	0	0	0	0	0	0	0
src/share/log	11	1674	5	684	6	990	0	0	0	0	0	0	0	0	0	0	0	0	0	0	0	0
src/share/parameter	4	1652	1	49	2	422	1	1181	0	0	0	0	0	0	0	0	0	0	0	0	0	0
src/storage/blockstore	2	1527	1	1170	1	357	0	0	0	0	0	0	0	0	0	0	0	0	0	0	0	0
src/observer/composition	2	1505	1	1347	1	158	0	0	0	0	0	0	0	0	0	0	0	0	0	0	0	0
src/share/resource	6	1292	3	945	3	347	0	0	0	0	0	0	0	0	0	0	0	0	0	0	0	0
src/sql/tablelock	6	1257	3	929	3	328	0	0	0	0	0	0	0	0	0	0	0	0	0	0	0	0
src/share/compaction	13	1233	5	483	8	750	0	0	0	0	0	0	0	0	0	0	0	0	0	0	0	0
src/share/vector	4	1014	1	61	3	953	0	0	0	0	0	0	0	0	0	0	0	0	0	0	0	0
src/share/rc	7	924	3	185	4	739	0	0	0	0	0	0	0	0	0	0	0	0	0	0	0	0
src/share/resource_limit_calculator	5	912	2	568	3	344	0	0	0	0	0	0	0	0	0	0	0	0	0	0	0	0
src/share/interrupt	4	880	2	355	2	525	0	0	0	0	0	0	0	0	0	0	0	0	0	0	0	0
src/share/text_analysis	4	839	2	584	2	255	0	0	0	0	0	0	0	0	0	0	0	0	0	0	0	0
src/storage/concurrency_control	4	801	2	581	2	220	0	0	0	0	0	0	0	0	0	0	0	0	0	0	0	0
src/share/inner_table	4	781	2	563	2	218	0	0	0	0	0	0	0	0	0	0	0	0	0	0	0	0
src/observer/ai_service	4	755	2	640	2	115	0	0	0	0	0	0	0	0	0	0	0	0	0	0	0	0
src/share/longops_mgr	4	542	2	347	2	195	0	0	0	0	0	0	0	0	0	0	0	0	0	0	0	0
src/share/ai_service	3	479	1	278	2	201	0	0	0	0	0	0	0	0	0	0	0	0	0	0	0	0
src/share/json	2	465	1	356	1	109	0	0	0	0	0	0	0	0	0	0	0	0	0	0	0	0
src/share/ls	4	447	2	215	2	232	0	0	0	0	0	0	0	0	0	0	0	0	0	0	0	0
src/observer/report	2	436	1	353	1	83	0	0	0	0	0	0	0	0	0	0	0	0	0	0	0	0
src/share/semistruct	2	421	1	316	1	105	0	0	0	0	0	0	0	0	0	0	0	0	0	0	0	0
src/share/session	2	397	1	317	1	80	0	0	0	0	0	0	0	0	0	0	0	0	0	0	0	0
src/share/table	4	331	1	106	3	225	0	0	0	0	0	0	0	0	0	0	0	0	0	0	0	0
src/share/roaringbitmap	2	293	1	214	1	79	0	0	0	0	0	0	0	0	0	0	0	0	0	0	0	0
src/share/unit	2	250	1	156	1	94	0	0	0	0	0	0	0	0	0	0	0	0	0	0	0	0
src/share/statement	1	246	0	0	1	246	0	0	0	0	0	0	0	0	0	0	0	0	0	0	0	0
src/share/aggregate	1	217	0	0	1	217	0	0	0	0	0	0	0	0	0	0	0	0	0	0	0	0
src/share/lob	2	180	0	0	2	180	0	0	0	0	0	0	0	0	0	0	0	0	0	0	0	0
src/share/diagnosis	2	164	1	41	1	123	0	0	0	0	0	0	0	0	0	0	0	0	0	0	0	0
src/sql/bazel_pilot	6	160	6	160	0	0	0	0	0	0	0	0	0	0	0	0	0	0	0	0	0	0
src/share/server_snapshot	2	140	1	54	1	86	0	0	0	0	0	0	0	0	0	0	0	0	0	0	0	0
src/storage/api	2	135	0	0	2	135	0	0	0	0	0	0	0	0	0	0	0	0	0	0	0	0
src/share/autoincrement	2	131	0	0	2	131	0	0	0	0	0	0	0	0	0	0	0	0	0	0	0	0
src/share/leak_checker	1	130	0	0	1	130	0	0	0	0	0	0	0	0	0	0	0	0	0	0	0	0
src/share/location_cache	2	127	1	76	1	51	0	0	0	0	0	0	0	0	0	0	0	0	0	0	0	0
src/share/transaction	2	113	1	36	1	77	0	0	0	0	0	0	0	0	0	0	0	0	0	0	0	0
src/share/allocator	1	110	0	0	1	110	0	0	0	0	0	0	0	0	0	0	0	0	0	0	0	0
src/observer/scheduler	2	105	1	59	1	46	0	0	0	0	0	0	0	0	0	0	0	0	0	0	0	0
src/share/truncate_info	1	57	0	0	1	57	0	0	0	0	0	0	0	0	0	0	0	0	0	0	0	0
src/storage/testing	2	48	0	0	2	48	0	0	0	0	0	0	0	0	0	0	0	0	0	0	0	0
src/share/rpc	1	40	0	0	1	40	0	0	0	0	0	0	0	0	0	0	0	0	0	0	0	0
src/share/tablelock	1	37	0	0	1	37	0	0	0	0	0	0	0	0	0	0	0	0	0	0	0	0
