src/storage/fts/dict/ob_ik_dic.cpp	.cpp	276043
src/oblib/common/timezone/ob_timezone_info.cpp	.cpp	39989
src/rootserver/ob_ddl_service.cpp	.cpp	23564
src/sql/parser/sql_parser_mysql_mode.y	.y	18723
src/sql/optimizer/ob_join_order.cpp	.cpp	17680
src/share/ob_errno.cpp	.cpp	15636
src/share/object/ob_obj_cast.cpp	.cpp	14276
src/sql/rewrite/ob_transform_utils.cpp	.cpp	14177
src/sql/engine/expr/ob_datum_cast.cpp	.cpp	13621
src/sql/resolver/dml/ob_dml_resolver.cpp	.cpp	12826
src/sql/optimizer/ob_log_plan.cpp	.cpp	12805
src/oblib/lib/codec/ob_generated_unalign_simd_bp_func.cpp	.cpp	12705
src/oblib/lib/codec/ob_generated_scalar_bp_func.cpp	.cpp	11594
src/pl/ob_pl_resolver.cpp	.cpp	10998
src/sql/session/ob_system_variable_factory.cpp	.cpp	10705
src/share/system_variable/ob_system_variable_init.cpp	.cpp	10048
src/sql/optimizer/ob_optimizer_util.cpp	.cpp	8253
src/sql/resolver/ddl/ob_ddl_resolver.cpp	.cpp	8086
src/sql/engine/aggregate/ob_aggregate_processor.cpp	.cpp	7937
src/sql/optimizer/ob_select_log_plan.cpp	.cpp	7795
src/share/schema/ob_schema_struct.cpp	.cpp	7789
src/sql/resolver/ob_resolver_utils.cpp	.cpp	7384
src/sql/resolver/expr/ob_raw_expr_util.cpp	.cpp	7311
src/oblib/lib/charset/ob_ctype_uca.cc	.cc	7129
src/share/schema/ob_table_schema.cpp	.cpp	7116
src/oblib/common/json_type/ob_json_base.cpp	.cpp	6627
src/sql/code_generator/ob_static_engine_cg.cpp	.cpp	6563
src/sql/resolver/expr/ob_raw_expr_resolver_impl.cpp	.cpp	6525
src/oblib/common/number/ob_number_v2.cpp	.cpp	6499
src/observer/schema/ob_schema_service_sql_impl.cpp	.cpp	6464
src/sql/resolver/expr/ob_raw_expr.cpp	.cpp	6444
src/pl/sys_package/ob_dbms_stats.cpp	.cpp	6360
src/share/schema/ob_schema_struct.h	.h	6317
src/sql/ob_spi.cpp	.cpp	6218
src/observer/vector_index/ob_vector_index_util.cpp	.cpp	6213
src/storage/tx/ob_tx_ctx.cpp	.cpp	6113
src/rootserver/ob_ddl_operator.cpp	.cpp	5895
src/storage/tablet/ob_tablet.cpp	.cpp	5844
src/sql/optimizer/ob_logical_operator.cpp	.cpp	5771
src/storage/ls/ob_ls_tablet_service.cpp	.cpp	5578
