forwarder	target
src/oblib/lib/container/ob_se_array.h	src/oblib/lib/container/ob_array.h
src/observer/ob_req_time_service.h	src/query/api/query/runtime/ob_request_time_guard.h
src/observer/vector_index/ob_vector_index_param.h	src/query/api/query/vector/ob_vector_index_param.h
src/observer/vector_index/ob_vector_index_util.h	src/query/api/query/vector/ob_vector_index_util.h
src/pl/ob_pl.h	src/sql/pl/ob_pl.h
src/pl/ob_pl_allocator.h	src/sql/pl/ob_pl_allocator.h
src/pl/ob_pl_build.h	src/sql/pl/ob_pl_build.h
src/pl/ob_pl_dependency_util.h	src/sql/pl/ob_pl_dependency_util.h
src/pl/ob_pl_exception_handling.h	src/sql/pl/ob_pl_exception_handling.h
src/pl/ob_pl_interface_pragma.h	src/sql/pl/ob_pl_interface_pragma.h
src/pl/ob_pl_package.h	src/sql/pl/ob_pl_package.h
src/pl/ob_pl_package_guard.h	src/sql/pl/ob_pl_package_guard.h
src/pl/ob_pl_package_manager.h	src/sql/pl/ob_pl_package_manager.h
src/pl/ob_pl_package_state.h	src/sql/pl/ob_pl_package_state.h
src/pl/ob_pl_resolver.h	src/sql/pl/ob_pl_resolver.h
src/pl/ob_pl_router.h	src/sql/pl/ob_pl_router.h
src/pl/ob_pl_stmt.h	src/sql/pl/ob_pl_stmt.h
src/pl/ob_pl_type.h	src/sql/pl/ob_pl_type.h
src/pl/ob_pl_user_type.h	src/sql/pl/ob_pl_user_type.h
src/pl/parser/ob_pl_parser.h	src/sql/pl/parser/ob_pl_parser.h
src/pl/parser/parse_stmt_item_type.h	src/sql/pl/parser/parse_stmt_item_type.h
src/pl/parser/parse_stmt_node.h	src/sql/pl/parser/parse_stmt_node.h
src/pl/pl_cache/ob_pl_cache.h	src/sql/pl/pl_cache/ob_pl_cache.h
src/pl/pl_cache/ob_pl_cache_mgr.h	src/sql/pl/pl_cache/ob_pl_cache_mgr.h
src/pl/pl_cache/ob_pl_cache_object.h	src/sql/pl/pl_cache/ob_pl_cache_object.h
src/pl/sys_package/ob_dbms_ai_service.h	src/sql/pl/sys_package/ob_dbms_ai_service.h
src/pl/sys_package/ob_dbms_application.h	src/sql/pl/sys_package/ob_dbms_application.h
src/pl/sys_package/ob_dbms_hybrid_vector_mysql.h	src/sql/pl/sys_package/ob_dbms_hybrid_vector_mysql.h
src/pl/sys_package/ob_dbms_index_manager.h	src/sql/pl/sys_package/ob_dbms_index_manager.h
src/pl/sys_package/ob_dbms_limit_calculator_mysql.h	src/sql/pl/sys_package/ob_dbms_limit_calculator_mysql.h
src/pl/sys_package/ob_dbms_monitor.h	src/sql/pl/sys_package/ob_dbms_monitor.h
src/pl/sys_package/ob_dbms_scheduler_mysql.h	src/sql/pl/sys_package/ob_dbms_scheduler_mysql.h
src/pl/sys_package/ob_dbms_session.h	src/sql/pl/sys_package/ob_dbms_session.h
src/pl/sys_package/ob_dbms_space.h	src/sql/pl/sys_package/ob_dbms_space.h
src/pl/sys_package/ob_dbms_stats.h	src/sql/pl/sys_package/ob_dbms_stats.h
src/pl/sys_package/ob_dbms_vector_mysql.h	src/sql/pl/sys_package/ob_dbms_vector_mysql.h
src/sql/engine/aggregate/ob_aggregate_util.h	src/query/api/query/engine/aggregate/ob_aggregate_util.h
src/sql/engine/basic/ob_batch_result_holder.h	src/query/api/query/engine/basic/ob_batch_result_holder.h
src/sql/engine/basic/ob_pushdown_filter.h	src/query/api/query/engine/basic/ob_pushdown_filter.h
src/sql/engine/cmd/ob_load_data_parser.h	src/query/api/query/engine/cmd/ob_load_data_parser.h
src/sql/engine/expr/ob_array_expr_utils.h	src/query/api/query/engine/expr/ob_array_expr_utils.h
src/sql/engine/expr/ob_expr.h	src/query/api/query/engine/expr/ob_expr.h
src/sql/engine/expr/ob_expr_array_map.h	src/query/api/query/engine/expr/ob_expr_array_map.h
src/sql/engine/expr/ob_expr_bm25.h	src/query/api/query/engine/expr/ob_expr_bm25.h
src/sql/engine/expr/ob_expr_cmp_func.h	src/query/api/query/engine/expr/ob_expr_cmp_func.h
src/sql/engine/expr/ob_expr_extra_info_factory.h	src/query/api/query/engine/expr/ob_expr_extra_info_factory.h
src/sql/engine/expr/ob_expr_in.h	src/query/api/query/engine/expr/ob_expr_in.h
src/sql/engine/expr/ob_expr_lob_utils.h	src/query/api/query/engine/expr/ob_expr_lob_utils.h
src/sql/engine/expr/ob_expr_operator.h	src/query/api/query/engine/expr/ob_expr_operator.h
src/sql/engine/expr/ob_expr_res_type.h	src/query/api/query/engine/expr/ob_expr_res_type.h
src/sql/engine/expr/ob_expr_util.h	src/query/api/query/engine/expr/ob_expr_util.h
src/sql/engine/expr/ob_i_expr_extra_info.h	src/query/api/query/engine/expr/ob_i_expr_extra_info.h
src/sql/engine/ob_batch_rows.h	src/query/api/query/engine/ob_batch_rows.h
src/sql/engine/ob_io_event_observer.h	src/query/api/query/engine/ob_io_event_observer.h
src/sql/engine/ob_operator.h	src/query/api/query/engine/ob_operator.h
src/sql/engine/ob_operator_reg.h	src/query/api/query/engine/ob_operator_reg.h
src/sql/engine/ob_phy_operator_type.h	src/query/api/query/engine/ob_phy_operator_type.h
src/sql/engine/ob_serializable_function.h	src/query/api/query/engine/ob_serializable_function.h
src/sql/engine/px/ob_px_basic_info.h	src/query/api/query/engine/px/ob_px_basic_info.h
src/sql/engine/px/ob_px_op_size_factor.h	src/query/api/query/engine/px/ob_px_op_size_factor.h
src/sql/engine/px/p2p_datahub/ob_small_hashset.h	src/query/api/query/engine/px/p2p_datahub/ob_small_hashset.h
src/sql/engine/vector/ob_bitmap_null_vector_base.h	src/query/api/query/engine/vector/ob_bitmap_null_vector_base.h
src/sql/engine/vector/ob_continuous_base.h	src/query/api/query/engine/vector/ob_continuous_base.h
src/sql/engine/vector/ob_continuous_format.h	src/query/api/query/engine/vector/ob_continuous_format.h
src/sql/engine/vector/ob_discrete_base.h	src/query/api/query/engine/vector/ob_discrete_base.h
src/sql/engine/vector/ob_discrete_format.h	src/query/api/query/engine/vector/ob_discrete_format.h
src/sql/engine/vector/ob_fixed_length_base.h	src/query/api/query/engine/vector/ob_fixed_length_base.h
src/sql/engine/vector/ob_fixed_length_format.h	src/query/api/query/engine/vector/ob_fixed_length_format.h
src/sql/engine/vector/ob_i_vector.h	src/query/api/query/engine/vector/ob_i_vector.h
src/sql/engine/vector/ob_uniform_base.h	src/query/api/query/engine/vector/ob_uniform_base.h
src/sql/engine/vector/ob_uniform_format.h	src/query/api/query/engine/vector/ob_uniform_format.h
src/sql/engine/vector/ob_vector_base.h	src/query/api/query/engine/vector/ob_vector_base.h
src/sql/engine/vector/static_check_utils.h	src/query/api/query/engine/vector/static_check_utils.h
src/sql/engine/vector/type_traits.h	src/query/api/query/engine/vector/type_traits.h
src/sql/ob_sql_define.h	src/query/api/query/ob_sql_define.h
src/sql/optimizer/ob_opt_default_stat.h	src/query/api/query/optimizer/ob_opt_default_stat.h
src/sql/optimizer/stat/ob_opt_column_stat.h	src/query/api/query/optimizer/stat/ob_opt_column_stat.h
src/sql/optimizer/stat/ob_opt_ds_stat.h	src/query/api/query/optimizer/stat/ob_opt_ds_stat.h
src/sql/optimizer/stat/ob_opt_osg_column_stat.h	src/query/api/query/optimizer/stat/ob_opt_osg_column_stat.h
src/sql/optimizer/stat/ob_opt_table_stat.h	src/query/api/query/optimizer/stat/ob_opt_table_stat.h
src/sql/optimizer/stat/ob_stat_define.h	src/query/api/query/optimizer/stat/ob_stat_define.h
src/sql/optimizer/stat/ob_stat_item.h	src/query/api/query/optimizer/stat/ob_stat_item.h
src/sql/parser/ob_item_type.h	src/query/api/query/parser/ob_item_type.h
src/sql/parser/parse_node.h	src/query/api/query/parser/parse_node.h
src/sql/plan_cache/ob_lib_cache_register.h	src/query/api/query/plan_cache/ob_lib_cache_register.h
src/sql/session/ob_local_session_var.h	src/query/api/query/session/ob_local_session_var.h
src/standby/restore/ob_standby_restore_storage_struct.h	src/standby/restore/ob_standby_restore_rpc.h
src/standby/restore/ob_standby_restore_tablet_status.h	src/storage/ob_tablet_local_status.h
src/storage/access/ob_table_param.h	src/data_plane/api/data_plane/access/ob_table_param.h
src/storage/blocksstable/ob_datum_row_iterator.h	src/data_plane/api/data_plane/blocksstable/ob_datum_row_iterator.h
src/storage/ddl/ob_ddl_seq_generator.h	src/data_plane/api/data_plane/ddl/ob_ddl_seq_generator.h
src/storage/fts/dict/ob_dic_loader.h	src/data_plane/api/data_plane/fts/dict/ob_dic_loader.h
src/storage/fts/dict/ob_gen_dic_loader.h	src/data_plane/api/data_plane/fts/dict/ob_gen_dic_loader.h
src/storage/fts/ob_fts_literal.h	src/data_plane/api/data_plane/fts/ob_fts_literal.h
src/storage/fts/ob_fts_parser.h	src/data_plane/api/data_plane/fts/ob_fts_parser.h
src/storage/fts/ob_fts_parser_helper.h	src/data_plane/api/data_plane/fts/ob_fts_parser_helper.h
src/storage/fts/ob_fts_parser_property.h	src/data_plane/api/data_plane/fts/ob_fts_parser_property.h
src/storage/fts/ob_fts_struct.h	src/data_plane/api/data_plane/fts/ob_fts_struct.h
src/storage/meta_mem/ob_fixed_meta_obj_array.h	src/data_plane/api/data_plane/meta/ob_fixed_meta_obj_array.h
src/storage/ob_order_perserving_encoder.h	src/data_plane/api/data_plane/ob_order_perserving_encoder.h
src/storage/testing/ob_storage_test_schema.h	src/share/schema/ob_column_schema.h
src/storage/truncate_info/ob_truncate_info.h	src/data_plane/api/data_plane/truncate_info/ob_truncate_info.h
src/storage/truncate_info/ob_truncate_info_array.h	src/data_plane/api/data_plane/truncate_info/ob_truncate_info_array.h
src/storage/tx/ob_tx_seq.h	src/data_plane/api/data_plane/transaction/ob_tx_seq.h
src/storage/vector_type/ob_sparse_vector_ip_distance.h	src/data_plane/api/data_plane/vector/ob_sparse_vector_ip_distance.h
src/storage/vector_type/ob_vector_common_util.h	src/data_plane/api/data_plane/vector/ob_vector_common_util.h
src/storage/vector_type/ob_vector_cosine_distance.h	src/data_plane/api/data_plane/vector/ob_vector_cosine_distance.h
src/storage/vector_type/ob_vector_cosine_similarity.h	src/data_plane/api/data_plane/vector/ob_vector_cosine_similarity.h
src/storage/vector_type/ob_vector_ip_distance.h	src/data_plane/api/data_plane/vector/ob_vector_ip_distance.h
src/storage/vector_type/ob_vector_ip_similarity.h	src/data_plane/api/data_plane/vector/ob_vector_ip_similarity.h
src/storage/vector_type/ob_vector_l1_distance.h	src/data_plane/api/data_plane/vector/ob_vector_l1_distance.h
src/storage/vector_type/ob_vector_l2_distance.h	src/data_plane/api/data_plane/vector/ob_vector_l2_distance.h
src/storage/vector_type/ob_vector_l2_similarity.h	src/data_plane/api/data_plane/vector/ob_vector_l2_similarity.h
src/storage/vector_type/ob_vector_norm.h	src/data_plane/api/data_plane/vector/ob_vector_norm.h
src/storage/vector_type/ob_vector_op_common.h	src/data_plane/api/data_plane/vector/ob_vector_op_common.h
src/storage/vector_type/ob_vector_pq_coder.h	src/data_plane/api/data_plane/vector/ob_vector_pq_coder.h
src/storage/blocksstable/ob_datum_row_iterator.h	src/data_plane/api/data_plane/blocksstable/ob_datum_row_iterator.h,src/storage/blocksstable/ob_datum_row.h
