row	skeptic_A_verdict	skeptic_B_verdict	outcome	why
4	note, not a verdict: rows 1-25 describe the callers of in_ddl_retry_white_list loosely; the command's output also lists src/sql/engine/cmd/ob_ddl_executor_util.cpp:83 and src/storage/ddl/ob_build_index_task.cpp:428	note, not a verdict: rows 4-25's wording 'the callers of that are the DDL tasks' retry checks and the vector-index and local-build executors' leaves out the same two calls; the command is given, so only the wording is off	evidence wording fixed: the two missing callers named; CODE_PREDICATE, confirmed	Both notes hold for rows 4-25, which carry the sentence: git grep -n in_ddl_retry_white_list 834bbee1e -- src also prints ObDDLExecutorUtil::wait_ddl_finish (src/sql/engine/cmd/ob_ddl_executor_util.cpp:83) and ObUniqueIndexChecker::check_unique_index (src/storage/ddl/ob_build_index_task.cpp:428), which the sentence did not name; it now names them. Rows 1-3 describe the callers of in_ddl_retry_black_list and is_ddl_force_no_more_process, whose commands they give in full, so they are unchanged. Value, translation and status unchanged.
5	note, not a verdict: rows 1-25 describe the callers of in_ddl_retry_white_list loosely; the command's output also lists src/sql/engine/cmd/ob_ddl_executor_util.cpp:83 and src/storage/ddl/ob_build_index_task.cpp:428	note, not a verdict: rows 4-25's wording 'the callers of that are the DDL tasks' retry checks and the vector-index and local-build executors' leaves out the same two calls; the command is given, so only the wording is off	evidence wording fixed: the two missing callers named; CODE_PREDICATE, confirmed	Both notes hold for rows 4-25, which carry the sentence: git grep -n in_ddl_retry_white_list 834bbee1e -- src also prints ObDDLExecutorUtil::wait_ddl_finish (src/sql/engine/cmd/ob_ddl_executor_util.cpp:83) and ObUniqueIndexChecker::check_unique_index (src/storage/ddl/ob_build_index_task.cpp:428), which the sentence did not name; it now names them. Rows 1-3 describe the callers of in_ddl_retry_black_list and is_ddl_force_no_more_process, whose commands they give in full, so they are unchanged. Value, translation and status unchanged.
6	note, not a verdict: rows 1-25 describe the callers of in_ddl_retry_white_list loosely; the command's output also lists src/sql/engine/cmd/ob_ddl_executor_util.cpp:83 and src/storage/ddl/ob_build_index_task.cpp:428	note, not a verdict: rows 4-25's wording 'the callers of that are the DDL tasks' retry checks and the vector-index and local-build executors' leaves out the same two calls; the command is given, so only the wording is off	evidence wording fixed: the two missing callers named; CODE_PREDICATE, confirmed	Both notes hold for rows 4-25, which carry the sentence: git grep -n in_ddl_retry_white_list 834bbee1e -- src also prints ObDDLExecutorUtil::wait_ddl_finish (src/sql/engine/cmd/ob_ddl_executor_util.cpp:83) and ObUniqueIndexChecker::check_unique_index (src/storage/ddl/ob_build_index_task.cpp:428), which the sentence did not name; it now names them. Rows 1-3 describe the callers of in_ddl_retry_black_list and is_ddl_force_no_more_process, whose commands they give in full, so they are unchanged. Value, translation and status unchanged.
7	note, not a verdict: rows 1-25 describe the callers of in_ddl_retry_white_list loosely; the command's output also lists src/sql/engine/cmd/ob_ddl_executor_util.cpp:83 and src/storage/ddl/ob_build_index_task.cpp:428	note, not a verdict: rows 4-25's wording 'the callers of that are the DDL tasks' retry checks and the vector-index and local-build executors' leaves out the same two calls; the command is given, so only the wording is off	evidence wording fixed: the two missing callers named; CODE_PREDICATE, confirmed	Both notes hold for rows 4-25, which carry the sentence: git grep -n in_ddl_retry_white_list 834bbee1e -- src also prints ObDDLExecutorUtil::wait_ddl_finish (src/sql/engine/cmd/ob_ddl_executor_util.cpp:83) and ObUniqueIndexChecker::check_unique_index (src/storage/ddl/ob_build_index_task.cpp:428), which the sentence did not name; it now names them. Rows 1-3 describe the callers of in_ddl_retry_black_list and is_ddl_force_no_more_process, whose commands they give in full, so they are unchanged. Value, translation and status unchanged.
8	note, not a verdict: rows 1-25 describe the callers of in_ddl_retry_white_list loosely; the command's output also lists src/sql/engine/cmd/ob_ddl_executor_util.cpp:83 and src/storage/ddl/ob_build_index_task.cpp:428	note, not a verdict: rows 4-25's wording 'the callers of that are the DDL tasks' retry checks and the vector-index and local-build executors' leaves out the same two calls; the command is given, so only the wording is off	evidence wording fixed: the two missing callers named; CODE_PREDICATE, confirmed	Both notes hold for rows 4-25, which carry the sentence: git grep -n in_ddl_retry_white_list 834bbee1e -- src also prints ObDDLExecutorUtil::wait_ddl_finish (src/sql/engine/cmd/ob_ddl_executor_util.cpp:83) and ObUniqueIndexChecker::check_unique_index (src/storage/ddl/ob_build_index_task.cpp:428), which the sentence did not name; it now names them. Rows 1-3 describe the callers of in_ddl_retry_black_list and is_ddl_force_no_more_process, whose commands they give in full, so they are unchanged. Value, translation and status unchanged.
9	note, not a verdict: rows 1-25 describe the callers of in_ddl_retry_white_list loosely; the command's output also lists src/sql/engine/cmd/ob_ddl_executor_util.cpp:83 and src/storage/ddl/ob_build_index_task.cpp:428	note, not a verdict: rows 4-25's wording 'the callers of that are the DDL tasks' retry checks and the vector-index and local-build executors' leaves out the same two calls; the command is given, so only the wording is off	evidence wording fixed: the two missing callers named; CODE_PREDICATE, confirmed	Both notes hold for rows 4-25, which carry the sentence: git grep -n in_ddl_retry_white_list 834bbee1e -- src also prints ObDDLExecutorUtil::wait_ddl_finish (src/sql/engine/cmd/ob_ddl_executor_util.cpp:83) and ObUniqueIndexChecker::check_unique_index (src/storage/ddl/ob_build_index_task.cpp:428), which the sentence did not name; it now names them. Rows 1-3 describe the callers of in_ddl_retry_black_list and is_ddl_force_no_more_process, whose commands they give in full, so they are unchanged. Value, translation and status unchanged.
10	note, not a verdict: rows 1-25 describe the callers of in_ddl_retry_white_list loosely; the command's output also lists src/sql/engine/cmd/ob_ddl_executor_util.cpp:83 and src/storage/ddl/ob_build_index_task.cpp:428	note, not a verdict: rows 4-25's wording 'the callers of that are the DDL tasks' retry checks and the vector-index and local-build executors' leaves out the same two calls; the command is given, so only the wording is off	evidence wording fixed: the two missing callers named; CODE_PREDICATE, confirmed	Both notes hold for rows 4-25, which carry the sentence: git grep -n in_ddl_retry_white_list 834bbee1e -- src also prints ObDDLExecutorUtil::wait_ddl_finish (src/sql/engine/cmd/ob_ddl_executor_util.cpp:83) and ObUniqueIndexChecker::check_unique_index (src/storage/ddl/ob_build_index_task.cpp:428), which the sentence did not name; it now names them. Rows 1-3 describe the callers of in_ddl_retry_black_list and is_ddl_force_no_more_process, whose commands they give in full, so they are unchanged. Value, translation and status unchanged.
11	note, not a verdict: rows 1-25 describe the callers of in_ddl_retry_white_list loosely; the command's output also lists src/sql/engine/cmd/ob_ddl_executor_util.cpp:83 and src/storage/ddl/ob_build_index_task.cpp:428	note, not a verdict: rows 4-25's wording 'the callers of that are the DDL tasks' retry checks and the vector-index and local-build executors' leaves out the same two calls; the command is given, so only the wording is off	evidence wording fixed: the two missing callers named; CODE_PREDICATE, confirmed	Both notes hold for rows 4-25, which carry the sentence: git grep -n in_ddl_retry_white_list 834bbee1e -- src also prints ObDDLExecutorUtil::wait_ddl_finish (src/sql/engine/cmd/ob_ddl_executor_util.cpp:83) and ObUniqueIndexChecker::check_unique_index (src/storage/ddl/ob_build_index_task.cpp:428), which the sentence did not name; it now names them. Rows 1-3 describe the callers of in_ddl_retry_black_list and is_ddl_force_no_more_process, whose commands they give in full, so they are unchanged. Value, translation and status unchanged.
12	note, not a verdict: rows 1-25 describe the callers of in_ddl_retry_white_list loosely; the command's output also lists src/sql/engine/cmd/ob_ddl_executor_util.cpp:83 and src/storage/ddl/ob_build_index_task.cpp:428	note, not a verdict: rows 4-25's wording 'the callers of that are the DDL tasks' retry checks and the vector-index and local-build executors' leaves out the same two calls; the command is given, so only the wording is off	evidence wording fixed: the two missing callers named; CODE_PREDICATE, confirmed	Both notes hold for rows 4-25, which carry the sentence: git grep -n in_ddl_retry_white_list 834bbee1e -- src also prints ObDDLExecutorUtil::wait_ddl_finish (src/sql/engine/cmd/ob_ddl_executor_util.cpp:83) and ObUniqueIndexChecker::check_unique_index (src/storage/ddl/ob_build_index_task.cpp:428), which the sentence did not name; it now names them. Rows 1-3 describe the callers of in_ddl_retry_black_list and is_ddl_force_no_more_process, whose commands they give in full, so they are unchanged. Value, translation and status unchanged.
13	note, not a verdict: rows 1-25 describe the callers of in_ddl_retry_white_list loosely; the command's output also lists src/sql/engine/cmd/ob_ddl_executor_util.cpp:83 and src/storage/ddl/ob_build_index_task.cpp:428	note, not a verdict: rows 4-25's wording 'the callers of that are the DDL tasks' retry checks and the vector-index and local-build executors' leaves out the same two calls; the command is given, so only the wording is off	evidence wording fixed: the two missing callers named; CODE_PREDICATE, confirmed	Both notes hold for rows 4-25, which carry the sentence: git grep -n in_ddl_retry_white_list 834bbee1e -- src also prints ObDDLExecutorUtil::wait_ddl_finish (src/sql/engine/cmd/ob_ddl_executor_util.cpp:83) and ObUniqueIndexChecker::check_unique_index (src/storage/ddl/ob_build_index_task.cpp:428), which the sentence did not name; it now names them. Rows 1-3 describe the callers of in_ddl_retry_black_list and is_ddl_force_no_more_process, whose commands they give in full, so they are unchanged. Value, translation and status unchanged.
14	note, not a verdict: rows 1-25 describe the callers of in_ddl_retry_white_list loosely; the command's output also lists src/sql/engine/cmd/ob_ddl_executor_util.cpp:83 and src/storage/ddl/ob_build_index_task.cpp:428	note, not a verdict: rows 4-25's wording 'the callers of that are the DDL tasks' retry checks and the vector-index and local-build executors' leaves out the same two calls; the command is given, so only the wording is off	evidence wording fixed: the two missing callers named; CODE_PREDICATE, confirmed	Both notes hold for rows 4-25, which carry the sentence: git grep -n in_ddl_retry_white_list 834bbee1e -- src also prints ObDDLExecutorUtil::wait_ddl_finish (src/sql/engine/cmd/ob_ddl_executor_util.cpp:83) and ObUniqueIndexChecker::check_unique_index (src/storage/ddl/ob_build_index_task.cpp:428), which the sentence did not name; it now names them. Rows 1-3 describe the callers of in_ddl_retry_black_list and is_ddl_force_no_more_process, whose commands they give in full, so they are unchanged. Value, translation and status unchanged.
15	note, not a verdict: rows 1-25 describe the callers of in_ddl_retry_white_list loosely; the command's output also lists src/sql/engine/cmd/ob_ddl_executor_util.cpp:83 and src/storage/ddl/ob_build_index_task.cpp:428	note, not a verdict: rows 4-25's wording 'the callers of that are the DDL tasks' retry checks and the vector-index and local-build executors' leaves out the same two calls; the command is given, so only the wording is off	evidence wording fixed: the two missing callers named; CODE_PREDICATE, confirmed	Both notes hold for rows 4-25, which carry the sentence: git grep -n in_ddl_retry_white_list 834bbee1e -- src also prints ObDDLExecutorUtil::wait_ddl_finish (src/sql/engine/cmd/ob_ddl_executor_util.cpp:83) and ObUniqueIndexChecker::check_unique_index (src/storage/ddl/ob_build_index_task.cpp:428), which the sentence did not name; it now names them. Rows 1-3 describe the callers of in_ddl_retry_black_list and is_ddl_force_no_more_process, whose commands they give in full, so they are unchanged. Value, translation and status unchanged.
16	note, not a verdict: rows 1-25 describe the callers of in_ddl_retry_white_list loosely; the command's output also lists src/sql/engine/cmd/ob_ddl_executor_util.cpp:83 and src/storage/ddl/ob_build_index_task.cpp:428	note, not a verdict: rows 4-25's wording 'the callers of that are the DDL tasks' retry checks and the vector-index and local-build executors' leaves out the same two calls; the command is given, so only the wording is off	evidence wording fixed: the two missing callers named; CODE_PREDICATE, confirmed	Both notes hold for rows 4-25, which carry the sentence: git grep -n in_ddl_retry_white_list 834bbee1e -- src also prints ObDDLExecutorUtil::wait_ddl_finish (src/sql/engine/cmd/ob_ddl_executor_util.cpp:83) and ObUniqueIndexChecker::check_unique_index (src/storage/ddl/ob_build_index_task.cpp:428), which the sentence did not name; it now names them. Rows 1-3 describe the callers of in_ddl_retry_black_list and is_ddl_force_no_more_process, whose commands they give in full, so they are unchanged. Value, translation and status unchanged.
17	note, not a verdict: rows 1-25 describe the callers of in_ddl_retry_white_list loosely; the command's output also lists src/sql/engine/cmd/ob_ddl_executor_util.cpp:83 and src/storage/ddl/ob_build_index_task.cpp:428	note, not a verdict: rows 4-25's wording 'the callers of that are the DDL tasks' retry checks and the vector-index and local-build executors' leaves out the same two calls; the command is given, so only the wording is off	evidence wording fixed: the two missing callers named; CODE_PREDICATE, confirmed	Both notes hold for rows 4-25, which carry the sentence: git grep -n in_ddl_retry_white_list 834bbee1e -- src also prints ObDDLExecutorUtil::wait_ddl_finish (src/sql/engine/cmd/ob_ddl_executor_util.cpp:83) and ObUniqueIndexChecker::check_unique_index (src/storage/ddl/ob_build_index_task.cpp:428), which the sentence did not name; it now names them. Rows 1-3 describe the callers of in_ddl_retry_black_list and is_ddl_force_no_more_process, whose commands they give in full, so they are unchanged. Value, translation and status unchanged.
18	note, not a verdict: rows 1-25 describe the callers of in_ddl_retry_white_list loosely; the command's output also lists src/sql/engine/cmd/ob_ddl_executor_util.cpp:83 and src/storage/ddl/ob_build_index_task.cpp:428	note, not a verdict: rows 4-25's wording 'the callers of that are the DDL tasks' retry checks and the vector-index and local-build executors' leaves out the same two calls; the command is given, so only the wording is off	evidence wording fixed: the two missing callers named; CODE_PREDICATE, confirmed	Both notes hold for rows 4-25, which carry the sentence: git grep -n in_ddl_retry_white_list 834bbee1e -- src also prints ObDDLExecutorUtil::wait_ddl_finish (src/sql/engine/cmd/ob_ddl_executor_util.cpp:83) and ObUniqueIndexChecker::check_unique_index (src/storage/ddl/ob_build_index_task.cpp:428), which the sentence did not name; it now names them. Rows 1-3 describe the callers of in_ddl_retry_black_list and is_ddl_force_no_more_process, whose commands they give in full, so they are unchanged. Value, translation and status unchanged.
19	note, not a verdict: rows 1-25 describe the callers of in_ddl_retry_white_list loosely; the command's output also lists src/sql/engine/cmd/ob_ddl_executor_util.cpp:83 and src/storage/ddl/ob_build_index_task.cpp:428	note, not a verdict: rows 4-25's wording 'the callers of that are the DDL tasks' retry checks and the vector-index and local-build executors' leaves out the same two calls; the command is given, so only the wording is off	evidence wording fixed: the two missing callers named; CODE_PREDICATE, confirmed	Both notes hold for rows 4-25, which carry the sentence: git grep -n in_ddl_retry_white_list 834bbee1e -- src also prints ObDDLExecutorUtil::wait_ddl_finish (src/sql/engine/cmd/ob_ddl_executor_util.cpp:83) and ObUniqueIndexChecker::check_unique_index (src/storage/ddl/ob_build_index_task.cpp:428), which the sentence did not name; it now names them. Rows 1-3 describe the callers of in_ddl_retry_black_list and is_ddl_force_no_more_process, whose commands they give in full, so they are unchanged. Value, translation and status unchanged.
20	note, not a verdict: rows 1-25 describe the callers of in_ddl_retry_white_list loosely; the command's output also lists src/sql/engine/cmd/ob_ddl_executor_util.cpp:83 and src/storage/ddl/ob_build_index_task.cpp:428	note, not a verdict: rows 4-25's wording 'the callers of that are the DDL tasks' retry checks and the vector-index and local-build executors' leaves out the same two calls; the command is given, so only the wording is off	evidence wording fixed: the two missing callers named; CODE_PREDICATE, confirmed	Both notes hold for rows 4-25, which carry the sentence: git grep -n in_ddl_retry_white_list 834bbee1e -- src also prints ObDDLExecutorUtil::wait_ddl_finish (src/sql/engine/cmd/ob_ddl_executor_util.cpp:83) and ObUniqueIndexChecker::check_unique_index (src/storage/ddl/ob_build_index_task.cpp:428), which the sentence did not name; it now names them. Rows 1-3 describe the callers of in_ddl_retry_black_list and is_ddl_force_no_more_process, whose commands they give in full, so they are unchanged. Value, translation and status unchanged.
21	note, not a verdict: rows 1-25 describe the callers of in_ddl_retry_white_list loosely; the command's output also lists src/sql/engine/cmd/ob_ddl_executor_util.cpp:83 and src/storage/ddl/ob_build_index_task.cpp:428	note, not a verdict: rows 4-25's wording 'the callers of that are the DDL tasks' retry checks and the vector-index and local-build executors' leaves out the same two calls; the command is given, so only the wording is off	evidence wording fixed: the two missing callers named; CODE_PREDICATE, confirmed	Both notes hold for rows 4-25, which carry the sentence: git grep -n in_ddl_retry_white_list 834bbee1e -- src also prints ObDDLExecutorUtil::wait_ddl_finish (src/sql/engine/cmd/ob_ddl_executor_util.cpp:83) and ObUniqueIndexChecker::check_unique_index (src/storage/ddl/ob_build_index_task.cpp:428), which the sentence did not name; it now names them. Rows 1-3 describe the callers of in_ddl_retry_black_list and is_ddl_force_no_more_process, whose commands they give in full, so they are unchanged. Value, translation and status unchanged.
22	note, not a verdict: rows 1-25 describe the callers of in_ddl_retry_white_list loosely; the command's output also lists src/sql/engine/cmd/ob_ddl_executor_util.cpp:83 and src/storage/ddl/ob_build_index_task.cpp:428	note, not a verdict: rows 4-25's wording 'the callers of that are the DDL tasks' retry checks and the vector-index and local-build executors' leaves out the same two calls; the command is given, so only the wording is off	evidence wording fixed: the two missing callers named; CODE_PREDICATE, confirmed	Both notes hold for rows 4-25, which carry the sentence: git grep -n in_ddl_retry_white_list 834bbee1e -- src also prints ObDDLExecutorUtil::wait_ddl_finish (src/sql/engine/cmd/ob_ddl_executor_util.cpp:83) and ObUniqueIndexChecker::check_unique_index (src/storage/ddl/ob_build_index_task.cpp:428), which the sentence did not name; it now names them. Rows 1-3 describe the callers of in_ddl_retry_black_list and is_ddl_force_no_more_process, whose commands they give in full, so they are unchanged. Value, translation and status unchanged.
23	note, not a verdict: rows 1-25 describe the callers of in_ddl_retry_white_list loosely; the command's output also lists src/sql/engine/cmd/ob_ddl_executor_util.cpp:83 and src/storage/ddl/ob_build_index_task.cpp:428	note, not a verdict: rows 4-25's wording 'the callers of that are the DDL tasks' retry checks and the vector-index and local-build executors' leaves out the same two calls; the command is given, so only the wording is off	evidence wording fixed: the two missing callers named; CODE_PREDICATE, confirmed	Both notes hold for rows 4-25, which carry the sentence: git grep -n in_ddl_retry_white_list 834bbee1e -- src also prints ObDDLExecutorUtil::wait_ddl_finish (src/sql/engine/cmd/ob_ddl_executor_util.cpp:83) and ObUniqueIndexChecker::check_unique_index (src/storage/ddl/ob_build_index_task.cpp:428), which the sentence did not name; it now names them. Rows 1-3 describe the callers of in_ddl_retry_black_list and is_ddl_force_no_more_process, whose commands they give in full, so they are unchanged. Value, translation and status unchanged.
24	note, not a verdict: rows 1-25 describe the callers of in_ddl_retry_white_list loosely; the command's output also lists src/sql/engine/cmd/ob_ddl_executor_util.cpp:83 and src/storage/ddl/ob_build_index_task.cpp:428	note, not a verdict: rows 4-25's wording 'the callers of that are the DDL tasks' retry checks and the vector-index and local-build executors' leaves out the same two calls; the command is given, so only the wording is off	evidence wording fixed: the two missing callers named; CODE_PREDICATE, confirmed	Both notes hold for rows 4-25, which carry the sentence: git grep -n in_ddl_retry_white_list 834bbee1e -- src also prints ObDDLExecutorUtil::wait_ddl_finish (src/sql/engine/cmd/ob_ddl_executor_util.cpp:83) and ObUniqueIndexChecker::check_unique_index (src/storage/ddl/ob_build_index_task.cpp:428), which the sentence did not name; it now names them. Rows 1-3 describe the callers of in_ddl_retry_black_list and is_ddl_force_no_more_process, whose commands they give in full, so they are unchanged. Value, translation and status unchanged.
25	note, not a verdict: rows 1-25 describe the callers of in_ddl_retry_white_list loosely; the command's output also lists src/sql/engine/cmd/ob_ddl_executor_util.cpp:83 and src/storage/ddl/ob_build_index_task.cpp:428	note, not a verdict: rows 4-25's wording 'the callers of that are the DDL tasks' retry checks and the vector-index and local-build executors' leaves out the same two calls; the command is given, so only the wording is off	evidence wording fixed: the two missing callers named; CODE_PREDICATE, confirmed	Both notes hold for rows 4-25, which carry the sentence: git grep -n in_ddl_retry_white_list 834bbee1e -- src also prints ObDDLExecutorUtil::wait_ddl_finish (src/sql/engine/cmd/ob_ddl_executor_util.cpp:83) and ObUniqueIndexChecker::check_unique_index (src/storage/ddl/ob_build_index_task.cpp:428), which the sentence did not name; it now names them. Rows 1-3 describe the callers of in_ddl_retry_black_list and is_ddl_force_no_more_process, whose commands they give in full, so they are unchanged. Value, translation and status unchanged.
26	evidence-defect: the Producer cites hash_func<_key *> (src/oblib/lib/hash/ob_hashutils.h:757-762), but TaskSet's hash_func<const ObIDDLTask *> takes hash_func<const _key *> at :765-770; both call key->hash(res)	evidence-defect: same; partial ordering picks hash_func<const _key *> (ob_hashutils.h:764-771); the equal_to citation (:721-726) is right	evidence fixed; LOOKUP_OUTCOME, confirmed	Both hold. TaskSet names hash_func<const ObIDDLTask *> and equal_to<const ObIDDLTask *> (src/share/ob_ddl_task_executor.h:134-135); of the partial specializations hash_func<_key *> (src/oblib/lib/hash/ob_hashutils.h:757-762) and hash_func<const _key *> (:765-770), partial ordering picks the more specialized second one. Both call key->hash(res), so value and translation stand; the evidence now cites :765-770 and says which specializations the typedef takes.
110	no row verdict (overall note: the 'is_err and not X / else if X' chain stays an if/else-if, as the reviewed shards accept)	refuted: the producer reads the one __all_merge_info row with a keyless SELECT ... LIMIT 1, so value 9's test (b) fails; the branch only resets ret, so IGNORED, as rows 125 and 204 and ret-compare-008.tsv row 92	classification LOOKUP_OUTCOME to IGNORED; target_translation's rule clause and evidence rewritten; IGNORED, confirmed	B holds. ObMergeInfoTableStorage::get runs SELECT ... FROM __all_merge_info LIMIT 1 with no WHERE (src/share/storage/ob_merge_info_table_storage.cpp:120-124), so the OB_ENTRY_NOT_EXIST that ObSQLiteConnection::query sets when no row came (src/share/storage/ob_sqlite_connection.cpp:405-407) does not answer a lookup by key, id or name, and value 9's test (b) fails; the row of the producer's own test reads it the same way (ret-compare.tsv:2125, ret-compare-008.tsv row 92, PASSED_ON), and row 221 of this shard does so for get_ddl_epoch's first-entry read. Values 1-8 and 10 do not apply; the branch, the else-if at src/share/ob_global_merge_table_operator.cpp:55-56, only resets ret (info was reset by get, src/share/storage/ob_merge_info_table_storage.cpp:116), so value 11 holds, as rows 125 and 204 read the same two-condition chain. The Rust test is unchanged; the target_translation now ends with IGNORED's clause (s2-errors.md 2.4 rule 1; 2.12 items 2 and 3), and the evidence says why test (b) fails and cites the reset's sweep row (reset.tsv:1006). A gave no verdict on the row and its note accepts the chain's shape, which stays; not contested.
111	no row verdict (overall note as for row 110)	refuted: same keyless producer; the branch is ret = OB_SUCCESS and nothing else, so IGNORED, as ret-compare-008.tsv row 108 reads a reset of an empty keyless SQLite read	classification LOOKUP_OUTCOME to IGNORED; target_translation's rule clause and evidence rewritten; IGNORED, confirmed	B holds, for the reasons given at row 110: the keyless LIMIT 1 read fails value 9's test (b), and the branch (src/share/ob_global_merge_table_operator.cpp:56) resets ret and does nothing else, so the code dies at the site (value 11). The Rust is unchanged; the target_translation now gives IGNORED's clause and the evidence the reason test (b) fails, with the reset's sweep row (reset.tsv:1006). Not contested.
135	no row verdict	evidence-defect: the Producer lists the second next() (ob_max_id_fetcher.cpp:352) among the calls that could leave OB_ENTRY_NOT_EXIST in ret; :353 and :355 rule it out	evidence fixed; RENAMED, confirmed	B holds: the second next() is assigned inside the test at src/share/ob_max_id_fetcher.cpp:352, every code but OB_ITER_END becomes OB_ERR_UNEXPECTED at :353 and OB_ITER_END becomes OB_SUCCESS at :355, so only the first next() (:348), whose other codes stay in ret through the empty else at :360-361, can leave the code. The Producer now says so. Value and translation unchanged.
139	evidence-defect (minor): 'and its caller passes it on' states a caller count without the command; the count is correct	no row verdict	evidence fixed: command added; OTHER, confirmed	A holds. git grep -n 'get_time_zone_offset(' 834bbee1e -- src prints one call of each function: ObDbmsStatsMaintenanceWindow::get_time_zone_offset forwards to this one (src/sql/optimizer/stat/ob_dbms_stats_maintenance_window.cpp:375), and get_stats_maintenance_window_jobs_sql calls that with an empty failure branch (:58) and returns ret (:103). The evidence names that caller and gives the command.
165	evidence-defect (minor): 'ObMySQLResult's one implementation in src, ObInnerSQLResult' states a count without the command; the count is correct	evidence-defect (minor): same; rows 96-99 give the command	evidence fixed: command added, getter lines corrected; LOOKUP_OUTCOME, confirmed	Both hold: grep -rnE 'public +([a-z:]*::)?ObMySQLResult\b' src prints only src/observer/ob_inner_sql_result.h:42, and the evidence gives that command, as the shard's other rows do. Found while checking the same sentence: the cited src/observer/ob_inner_sql_result.cpp:314 is in DEF_GET_VALUE_BY_INDEX_IMPL, which does not define get_int by index (that use is commented out at :326). get_int by name (:509, the macro body :481-507) calls the hand-written get_int by index (:378), which reads the cell through get_obj (:382), whose check_extend_value (:617) sets OB_ERR_NULL_VALUE (:38-39); the evidence now cites that chain. Value and translation unchanged.
182	refuted, the target_translation's form only (PASSED_ON and the evidence stand): OB_SUCCESS != (ret = x) has one form, ob_fail!(ret = x), not the block (ret-compare-002 review, row 294)	no row verdict	target_translation fixed; PASSED_ON, confirmed	A holds: s2-errors.md 2.3's table and RULEBOOK 2.1 give OB_FAIL(x) and OB_SUCCESS != (h = x) the one form ob_fail!(h = x) and keep the block { h = x; .. } for OB_X == (h = x) and OB_SUCCESS == (h = x), as the ret-compare-002 review settled at its row 294. The else-if at src/share/object/ob_obj_cast.cpp:5723-5724 is now } else if ob_fail!(ret = check_convert_str_err(..)) {. Value, evidence and status unchanged; not contested, since the revision takes A's form.
184	evidence-defect (minor): 'whose one implementation, ObSqlObjCastRuntime' states a count without the command; the count is correct	evidence-defect (minor): same	evidence fixed: command added; OTHER, confirmed	Both hold: git grep -nE 'public +([a-z:]*::)?ObIObjCastRuntime' 834bbee1e -- src prints only src/sql/engine/expr/ob_obj_cast_runtime.h:30. The evidence gives the command.
192	refuted, the target_translation's wording only (OTHER and the evidence stand): it keeps the OB_ALLOCATE_MEMORY_FAILED step, the null test of a general allocation that s2-errors.md 2.4 rule 9 drops	no row verdict	target_translation fixed; evidence extended; OTHER, confirmed	A holds: the -4013 at src/share/object/ob_obj_cast.cpp:9918-9919 is the null test of params.alloc, which allocates through allocator_v2_ (src/share/object/ob_obj_cast.h:247-256), checked non-null at ob_obj_cast.cpp:9880; the oom-sites sweep files a null-tested raise as a general out-of-memory, not a row (grep -c ob_obj_cast.cpp migration/inventory/sweep/oom-sites.tsv prints 0), and s2-errors.md 2.4 rule 9 and RULEBOOK section 0 drop such a branch. The target_translation keeps only the branch's OB_ERR_UNEXPECTED step and leaves the allocation's null test to the out-of-memory rules, outside this row, as row 228 words its OV check; the evidence says why. Also corrected: the CAST_FAIL range started at the closing brace before it (ob_obj_cast.cpp:9972) and now starts at :9973.
193	evidence-defect (minor): the ObSqlObjCastRuntime count has no command; the producer cites only the empty and blank-string lines (ob_wide_integer_str_funcs.cpp:336, :342), not those for malformed text	evidence-defect (minor): the count has no command; the count is correct	evidence fixed: command added, producer lines completed; OTHER, confirmed	Both hold. The command is added, as in row 184. wide::from_string sets OB_INVALID_NUMERIC for an empty or blank string (src/oblib/common/wide_integer/ob_wide_integer_str_funcs.cpp:336, :342) and for malformed text at :360, :368, :376, :388 and :400; parse_sci_exp, called at :369, sets it too (:286), which A's list leaves out; from_string keeps the code in its local warning and returns it (:402-403, :435). The evidence cites all of them. Also corrected: the CAST_FAIL range now starts at src/share/object/ob_obj_cast.cpp:9973, as in row 192.
206	evidence-defect: the convert_sys_errno citations :999-1000 and :1002-1003 are one line off; the assignments are at :1001 and :1004	no row verdict	evidence fixed; RETRY, confirmed	A holds: case ETIMEDOUT and ret = OB_TIMEOUT are src/share/ob_io_device_helper.cpp:1000-1001, case EAGAIN and ret = OB_EAGAIN are :1003-1004, and :1006-1010 (EDQUOT under #ifndef _WIN32, then ENOSPC) was right. The evidence cites :1000-1001, :1003-1004 and :1006-1010.
212	refuted, the BUG(port) content of the target_translation and the evidence (LOOKUP_OUTCOME stands): OB_DELETE nulls new_item (ob_malloc.h:677-685), so nothing is deleted twice; only open_io_fd is closed twice	refuted: same; OB_DELETE sets the pointer to NULL (ob_malloc.h:683); the double close is real and the BUG rule asks the port to keep it	target_translation's BUG(port) clause and evidence rewritten; LOOKUP_OUTCOME, confirmed	Both hold. OB_DELETE ends with ptr = NULL (src/oblib/lib/allocator/ob_malloc.h:683), so after src/share/redolog/ob_log_file_reader.cpp:454 new_item is NULL and the cleanup's test at :478 is false: the item is freed once. The fd is closed twice: close takes const ObIOFd & (src/oblib/lib/restore/ob_io_device.h:321; src/share/ob_local_device.cpp:491-497; src/share/ob_io_device_helper.cpp:296-307) and leaves open_io_fd as it was, so is_normal_file() (src/oblib/lib/restore/ob_io_device.h:46) still holds and the cleanup closes it again (ob_log_file_reader.cpp:474-477) whenever try_get_cache fails, on an entry it evicts (:501-505) or on a miss (:497). The target_translation now drops the item once, keeps the second close and names only the double close in the BUG(port) line (RULEBOOK 2.10); the evidence says the same, and notes that the header's other git grep match is the build's header list (src/share/share_header_inventory.bzl), not an include.
219	refuted, the target_translation's form only (LOOKUP_OUTCOME and the evidence stand): OB_SUCCESS != (hash_ret = x) is ob_fail!(hash_ret = x), not the block	no row verdict	target_translation fixed; LOOKUP_OUTCOME, confirmed	A holds (s2-errors.md 2.3's table; ret-compare-002 review, row 294): the test at src/share/schema/ob_ai_model_mgr.cpp:321 is now if ob_fail!(hash_ret = self.ai_model_id_map_.erase_refactored(..)). The ternary at :322 tests OB_HASH_NOT_EXIST, not success, so it is not the merge s2-errors.md 2.4 rule 4 turns into and(), and stays an if expression. Not contested.
220	refuted, the target_translation's form only (LOOKUP_OUTCOME stands): same as row 219, for the else-if on the name map	no row verdict	target_translation fixed; LOOKUP_OUTCOME, confirmed	A holds, as for row 219: the else-if at src/share/schema/ob_ai_model_mgr.cpp:323 is now else if ob_fail!(hash_ret = self.ai_model_name_map_.erase_refactored(..)); the ternary at :324 stays an if expression. Not contested.
226	refuted, the target_translation's form only (END_OF_DATA and the evidence stand): ret = OB_SUCC(ret) ? OB_ERR_UNEXPECTED : ret is the 'a unless a is success, then b' merge, ret.and(Err(OB_ERR_UNEXPECTED))	no row verdict (overall: the lost row errors of the loop are correctly marked BUG(port))	target_translation fixed; END_OF_DATA, confirmed	A holds. The else at src/share/schema/ob_dependency_info.cpp:517 keeps ret unless ret is success, then sets OB_ERR_UNEXPECTED; RULEBOOK 2.1, s2-errors.md 2.3's table ('v = (a == OB_SUCCESS) ? b : a in any spelling') and 2.4 rule 4 write that merge as a.and(b), and the vocabulary's last bullet in section 5 keeps the if expression only for other ternaries. The target_translation now writes ret = ret.and(Err(OB_ERR_UNEXPECTED));, as shard 004 row 86 does and as the tmp-ret row of that line does (sweep tmp-ret.tsv:1344; tmp-ret-005.tsv row 195). The BUG(port) clause on the loop condition stays. Not contested.
227	refuted, the target_translation's form only (END_OF_DATA stands): same merge as row 226	no row verdict (overall: the lost row errors of the loop are correctly marked BUG(port))	target_translation fixed; END_OF_DATA, confirmed	A holds. The else at src/share/schema/ob_dependency_info.cpp:599 keeps ret unless ret is success, then sets OB_ERR_UNEXPECTED; RULEBOOK 2.1, s2-errors.md 2.3's table ('v = (a == OB_SUCCESS) ? b : a in any spelling') and 2.4 rule 4 write that merge as a.and(b), and the vocabulary's last bullet in section 5 keeps the if expression only for other ternaries. The target_translation now writes ret = ret.and(Err(OB_ERR_UNEXPECTED));, as shard 004 row 86 does and as the tmp-ret row of that line does (sweep tmp-ret.tsv:1345; tmp-ret-005.tsv row 196). The BUG(port) clause on the loop condition stays. Not contested.
239	refuted, the target_translation's form only (RETRY and the evidence stand): OB_SUCCESS != (t_ret = refresh_and_add_schema()) is ob_fail!(t_ret = ..), not the block	no row verdict	target_translation fixed; RETRY, confirmed	A holds (s2-errors.md 2.3's table; ret-compare-002 review, row 294): the test at src/share/schema/ob_multi_version_schema_service.cpp:721 is now if ob_fail!(t_ret = self.refresh_and_add_schema()) {}. Not contested.
242	no row verdict	evidence-defect (minor): 'the lazy mode of :341' cites a comment; is_lazy = (NULL == mgr) is at :351, and the guard's lazy branch at ob_schema_getter_guard.cpp:2350-2351	evidence fixed; LOOKUP_OUTCOME, confirmed	B holds: src/share/schema/ob_multi_version_schema_service.cpp:341 is a comment and :351 is const bool is_lazy = (NULL == mgr). The evidence cites :351 and the guard's NULL test and lazy branch (src/share/schema/ob_schema_getter_guard.cpp:2316, :2350-2372), rather than B's :2350-2351, whose second line is the comment 'case 2: lazy mode'. Value and translation unchanged.
246	evidence-defect (minor): 'retry_get_schema_guard's caller is ...' states one caller without the command; the count is correct	evidence-defect (minor): same; row 247 gives the command	evidence fixed: command added; LOOKUP_OUTCOME, confirmed	Both hold: git grep -n 'retry_get_schema_guard(' 834bbee1e -- src prints the declaration (src/share/schema/ob_multi_version_schema_service.h:169), the definition (src/share/schema/ob_multi_version_schema_service.cpp:875) and one call (src/storage/compaction/ob_medium_compaction_func.cpp:913). The evidence gives the command.
247	evidence-defect (minor): the one-implementation count has no command, and src/observer/schema/ob_schema_service_sql_impl.h:64 is the class line; the method is declared at :424	evidence-defect (minor): same	evidence fixed: commands added, declaration line corrected; RENAMED, confirmed	Both hold: git grep -nE 'public +([a-z:]*::)?ObSchemaService( |$|,|\{)' 834bbee1e -- src prints only src/observer/schema/ob_schema_service_sql_impl.h:64, and no class derives from ObSchemaServiceSQLImpl (git grep -nE 'public +([a-z:]*::)?ObSchemaServiceSQLImpl' 834bbee1e -- src prints nothing), so its get_ori_schema_version (declared at src/observer/schema/ob_schema_service_sql_impl.h:424, defined at src/observer/schema/ob_schema_service_sql_impl.cpp:4907) is the one implementation. The evidence gives both commands and cites :424.
257	refuted, the target_translation's form only (END_OF_DATA stands): the else's ternary is the 'a unless a is success, then b' merge, ret.and(Err(OB_ERR_UNEXPECTED))	no row verdict	target_translation fixed; END_OF_DATA, confirmed	A holds. The else at src/share/schema/ob_multi_version_schema_service.cpp:2828 keeps ret unless ret is success, then sets OB_ERR_UNEXPECTED; RULEBOOK 2.1, s2-errors.md 2.3's table ('v = (a == OB_SUCCESS) ? b : a in any spelling') and 2.4 rule 4 write that merge as a.and(b), and the vocabulary's last bullet in section 5 keeps the if expression only for other ternaries. The target_translation now writes ret = ret.and(Err(OB_ERR_UNEXPECTED));, as shard 004 row 86 does; that line is also sweep tmp-ret.tsv:1369. Not contested.
292	evidence-defect: the Code's branch leaves out ret = OB_NOT_SUPPORTED (ob_schema_getter_guard.cpp:2318-2319) and ret = OB_INVALID_ARGUMENT (:2352-2354), constants the branch assigns straight to ret, so value 7 must be weighed; keep LOOKUP_OUTCOME with an argument or take RENAMED as row 240 does, and align the two rows	no row verdict	classification LOOKUP_OUTCOME to RENAMED; target_translation and evidence rewritten, Escapes added; RENAMED, confirmed	A holds, and value 7 decides the choice A left open. On the code's branch get_schema_mgr overwrites the compared code on every way (src/share/schema/ob_schema_getter_guard.cpp:2315), so it is never reported, and two ways assign a code constant straight to ret: OB_NOT_SUPPORTED for TABLE_SIMPLE_SCHEMA with a schema mgr (:2318-2319) and OB_INVALID_ARGUMENT for a version given to a lazy guard (:2352-2354). Value 7's one exception is a code set when a step of the branch's own work fails (the null check at :2341-2342 is one); these two refuse a request the fetch does not serve, as row 240's state check refuses a rebuild with OB_SCHEMA_EAGAIN, and row 240 is RENAMED. So this row takes RENAMED, which also aligns it with row 240. Neither arm can run today: no call passes TABLE_SIMPLE_SCHEMA (git grep -n TABLE_SIMPLE_SCHEMA 834bbee1e -- src/share/schema/ob_schema_getter_guard.cpp finds only :2318), and every call that passes a version first gets past check_lazy_guard or its own NULL test (:3774-3775, :2607-2608, :2666-2667). The value still reads the branch as written, as the vocabulary's section 3 item 3 does for a producer that cannot set the code, and the evidence says both. The Rust is the same test and branch, with the two renames spelled out; RENAMED's Escapes clause is added: get_schema is private to the guard (src/share/schema/ob_schema_getter_guard.h:632, :686-690), and each of its calls, the 31 lines git grep prints in ob_schema_getter_guard.cpp, passes the code on. Not contested: A proposed this value as one of two, and B gave no verdict on the row.
294	evidence-defect: Escapes says the column virtual tables test only for success (ob_table_columns.cpp:333), but :335-336 tests OB_ERR_NO_TABLE_PRIVILEGE and resets it, as do ob_information_columns_table.cpp:966-967, ob_expr_inner_info_cols_printer.cpp:462-463 and ob_expr_can_access_trigger.cpp:79-82; ob_schema_checker.cpp:210-213 resets any failure	evidence-defect: same five sites; only ob_table_columns.cpp's other calls (:638-656, :959-982) test for success alone	evidence fixed: Escapes rewritten; OTHER, confirmed	Both hold on the callers that test the code, with one correction to both proposals: the cited function at src/observer/virtual_table/ob_table_columns.cpp:333, ObTableColumns::fill_col_privs (:320), has no caller (git grep -n fill_col_privs 834bbee1e -- src finds calls only in ObInfoSchemaColumnsTable and ObExprInnerInfoColsPrivPrinter, each to its own member, and ObInfoSchemaColumnsTable does not derive from ObTableColumns, src/observer/virtual_table/ob_information_columns_table.h:43), so the Escapes name it as a function with no caller, not as a caller. The Escapes now go through every caller that git grep -n 'check_single_table_priv(' 834bbee1e -- src prints: check_priv and ObPL::check_exec_priv pass the code on; ObInfoSchemaColumnsTable::fill_col_privs and ObExprInnerInfoColsPrivPrinter::fill_col_privs reset it and leave the privilege out (src/observer/virtual_table/ob_information_columns_table.cpp:966-967; src/sql/engine/expr/ob_expr_inner_info_cols_printer.cpp:462-463); ObExprCanAccessTrigger answers false (src/sql/engine/expr/ob_expr_can_access_trigger.cpp:78-81); ObSchemaChecker::check_trigger_show resets any failure (src/sql/resolver/ob_schema_checker.cpp:210-213); ObTableColumns' calls in functions that run compare with OB_SUCCESS only (src/observer/virtual_table/ob_table_columns.cpp:638-656, :959-982). Value and translation unchanged.
296	evidence-defect: same Escapes error as row 294, for the code this branch sets again at :584	evidence-defect: same Escapes sentence as row 294; the callers reset OB_ERR_NO_TABLE_PRIVILEGE or turn it into false	evidence fixed: Escapes rewritten; OTHER, confirmed	Both hold on the callers that test the code, with one correction to both proposals: the cited function at src/observer/virtual_table/ob_table_columns.cpp:333, ObTableColumns::fill_col_privs (:320), has no caller (git grep -n fill_col_privs 834bbee1e -- src finds calls only in ObInfoSchemaColumnsTable and ObExprInnerInfoColsPrivPrinter, each to its own member, and ObInfoSchemaColumnsTable does not derive from ObTableColumns, src/observer/virtual_table/ob_information_columns_table.h:43), so the Escapes name it as a function with no caller, not as a caller. The Escapes now go through every caller that git grep -n 'check_single_table_priv(' 834bbee1e -- src prints: check_priv and ObPL::check_exec_priv pass the code on; ObInfoSchemaColumnsTable::fill_col_privs and ObExprInnerInfoColsPrivPrinter::fill_col_privs reset it and leave the privilege out (src/observer/virtual_table/ob_information_columns_table.cpp:966-967; src/sql/engine/expr/ob_expr_inner_info_cols_printer.cpp:462-463); ObExprCanAccessTrigger answers false (src/sql/engine/expr/ob_expr_can_access_trigger.cpp:78-81); ObSchemaChecker::check_trigger_show resets any failure (src/sql/resolver/ob_schema_checker.cpp:210-213); ObTableColumns' calls in functions that run compare with OB_SUCCESS only (src/observer/virtual_table/ob_table_columns.cpp:638-656, :959-982). Value and translation unchanged.
298	no row verdict	evidence-defect (minor): Escapes names only check_priv and the PL check; list all callers, say none tests OB_ERR_NO_COLUMN_PRIVILEGE, and that the OB_ERR_NO_TABLE_PRIVILEGE given in its place (:657) is reset by the printers and turned into false by ObExprCanAccessTrigger	evidence fixed: Escapes rewritten, not in B's words; OTHER, confirmed	B holds that the list was incomplete and that no caller tests OB_ERR_NO_COLUMN_PRIVILEGE (git grep -nw OB_ERR_NO_COLUMN_PRIVILEGE 834bbee1e -- src finds it only in the error catalog and in src/share/schema/ob_schema_getter_guard_priv.cpp), but not that the printers or ObExprCanAccessTrigger receive this branch's codes: the branch at :630 is on the path for a need_priv that names columns (:541, :591), and every caller except check_priv builds need_priv with ObNeedPriv's constructors, which leave columns_ empty (src/share/schema/ob_schema_struct.h:4856, :4870, :4876), and adds no column (git grep -n 'columns_' over the six caller files finds only an #include line). So only check_priv (src/share/schema/ob_schema_getter_guard_priv.cpp:903-905), which passes the code on, reaches the branch; ObPL::check_exec_priv, which the old text named, does not. The Escapes now say so, with both commands. Value and translation unchanged.
