from	to	file_edges
src/storage	src/oblib	1284
src/sql	src/oblib	1274
src/share	src/oblib	958
src/storage	src/share	750
src/sql	src/share	748
src/observer	src/oblib	441
src/rootserver	src/share	399
src/observer	src/share	398
src/observer	src/sql	258
src/observer	src/storage	256
src/sql	src/query	226
src/query	src/oblib	214
src/sql	src/data_plane	188
src/storage	src/data_plane	188
src/data_plane	src/oblib	187
src/logservice	src/oblib	163
src/rootserver	src/oblib	162
src/storage	src/query	123
src/logservice	src/share	116
src/pl	src/sql	90
src/rootserver	src/storage	79
src/standby	src/oblib	78
src/standby	src/storage	64
src/observer	src/query	59
src/rootserver	src/sql	54
src/query	src/share	51
src/standby	src/share	45
src/storage	src/logservice	39
src/data_plane	src/share	32
src/observer	src/rootserver	21
src/observer	src/logservice	20
src/rootserver	src/query	20
src/observer	src/data_plane	18
src/pl	src/share	15
bazel	src/oblib	8
src/pl	src/query	8
src/oblib	rust/sql-nio	7
src/pl	src/oblib	7
src/standby	src/logservice	7
src/rootserver	src/logservice	5
src/observer	src/pl	4
src/rootserver	src/data_plane	4
deps/oblib	src/oblib	3
src/pl	src/data_plane	3
src/rootserver	src/pl	3
src/observer	rust/sql-nio	2
src/sql	src/storage	2
bazel	src/logservice	1
bazel	src/storage	1
src/objit	src/oblib	1
src/observer	src/standby	1
src/query	src/objit	1
src/query	rust/sql-nio	1
src/storage	src/rootserver	1
src/storage	src/sql	1
tools/ob_error	src/share	1
