src/oblib/lib/charset/ob_ctype_uca.cc	7129
src/oblib/common/timezone/localtime.c	2239
src/oblib/lib/alloc/ob_context_allocator.cpp	438
src/share/storage/ob_tablet_compaction_checksum_table_storage.cpp	382
src/oblib/lib/file/config.cpp	334
src/share/unit/ob_server_resource_config.cpp	156
src/share/ob_cpu_share_calculator.cpp	35
src/share/rc/ob_server_runtime_support.cpp	32
src/oblib/rpc/frame/ob_rpc_checksum.cpp	30
src/oblib/rpc/ob_lib_sql_shims.cpp	25
src/oblib/lib/compress/zstd_1_3_8/ob_empty.c	16
