category	rows	distinct_files	plan_figure	definition
atomic-fields	1277	387	about 823 field names	Every atomic access in code (comments and strings blanked): ATOMIC_* macro calls, __sync_* and __atomic_* builtins, CAS128/LOAD128, the inc_update/dec_update helpers of ob_atomic.h, and the Windows Interlocked* calls; the primitives themselves (ob_atomic.h, atomic128.h) are skipped. Wrappers are expanded at each use: a macro whose body makes atomic calls (an access on a macro parameter goes to the argument, an access on another name is resolved where the macro is used, and a static declared inside the macro body gets its own row); a function whose atomic access targets one of its reference or pointer parameters (at each call the argument is the atomic object, or what the argument points to for a pointer parameter; calls are matched by the receiver's type when it resolves, else by name when at least 80% of the definitions with that name are such functions; repeated up to 4 rounds for functions that pass their own parameter on); and a member function named atomic_*, inc_update or dec_update of a value class (a class or struct whose only non-static data member, or a union, holds its whole value, such as SCN, LSN or ObTxSEQ) that works on that member: a call through an object, x.atomic_load(), is an atomic access on x, a call through a pointer or on this is not. The target is the object the call changes: the last member of the argument, the receiver of an accessor called with a dot, or func() for an accessor with no receiver or a pointer receiver; an accessor returning a non-const reference or the address of a member is followed to that member (by the receiver's type when known). An access on the single member of a value class through an object member (x.val_) is attributed to x, the field or variable holding the value; the member keeps a row that counts those accesses. An access through a pointer member without & (ATOMIC_LOAD(ptr_)) is also counted on the object ptr_ is assigned to point at (ptr_ = &x or ptr_(&x) in methods of its class), and the pointer's row names it. A bare name is looked up among the enclosing function's parameters, locals and function statics first (a local pointer or reference initialized from a member is followed to that member), then among the members of the enclosing class and its bases, then among globals in the same file, stem or a directly included header. A name reached through a member chain is resolved by the declared type of the member before it, with typedef and using aliases visible from the access expanded, template parameters not taken as class names, and candidates the access's file cannot reach through its includes dropped when a reachable one exists; else by the only non-vendored declaration, else by the only one in the same file, stem or included header. A Cls:: qualifier picks the class; out-of-line definitions of static members and of extern globals merge into their declaration. Rows: one per field or global, one per parameter, local or function static, one per static inside a macro, one per name left over (at its first access, with the number of candidates), and one per volatile field or global that has no atomic access. A row from a file the build never compiles carries [not built]: a C or C++ source that neither the production source inventory the CMake build reads from tools/cmake/emit_bazel_source_inventory.py nor a CMakeLists.txt file lists (so Bazel-only manual targets and ignored sources count as not built), or a header that only such files include. (Measured: 3387 atomic accesses (ATOMIC_* 3297, __sync_* 42, __atomic_* 0, CAS128/LOAD128 19, inc_update/dec_update 27, Interlocked* 2), touching 859 distinct names; 123 reached through wrapper macros, 136 through member functions of value classes, 130 through functions with an atomic parameter, 27 through accessors, 65 through the single member of a value class and 1 through pointer members. Rows: 1080 fields or globals (54 reached through member functions, 6 value-class members reached only through the fields that hold them, 1 pointers whose pointee is the atomic object), 86 parameter, local or function-static rows, 8 statics declared inside macros, 38 name-only rows covering 90 accesses, 59 volatile fields or globals with no atomic access.) 12 rows are in files the build never compiles and carry [not built].
refcount	1243	304	441 inc_ref/dec_ref lines and 130 Handle classes	Reference-count call, definition and declaration lines (constructor member initializers are not calls): the evidence regex \b(inc_ref|dec_ref)\w*\s*\( on code lines, names with a prefix such as try_inc_ref_count (marked), and other reference-count names (marked): an inc, dec, incr, decr, acquire, release, revert, add or retain word followed by a ref, refs, uref, href, refcnt or refcount word (the SQL reference words query, subquery, obj and object excluded), a name with an unref, deref, xref or xhref word, or a name starting with ref_ that is not a getter (every declaration without parameters and const). Other functions whose name has a ref, refs, reference or similar word, or starts with retain, release, acquire, aquire, born, end or retire, count when their body changes a reference-count field or calls a reference-count function of the kinds above (one step); their definitions are rows, and their calls and declarations are rows when at least 80% of the definitions with that name count. A change of a reference-count field (an ATOMIC_ add, subtract, increment, decrement or compare-and-swap on a member whose name has a ref word, or ++, --, += or -= on a member named like ref_cnt_, ref_count_ or refcnt_) inside a function that is not itself a reference-count function is a row. Each call is tagged call, definition or declaration, and on-disk block reference when it goes through the storage object or block manager, takes a MacroBlockId, has a macro, block, addr or linked word in its name, or names a function whose every definition reaches such a call. Plus every class or struct definition whose name ends in Handle (the evidence regex counted classes only), every class whose name ends in Guard and whose methods make reference-count calls directly or reach one through up to six calls resolved by qualifier, receiver type or enclosing class (the row gives the call path), and every typedef or using alias whose name ends in Handle. A row from a file the build never compiles carries [not built]: a C or C++ source that neither the production source inventory the CMake build reads from tools/cmake/emit_bazel_source_inventory.py nor a CMakeLists.txt file lists (so Bazel-only manual targets and ignored sources count as not built), or a header that only such files include. (Measured: 433 lines with an inc_ref/dec_ref name, the evidence regex; 18 more lines with only a prefixed name; 479 lines with only another reference-count name; 148 lines with only a function found by its body (47 definitions); 32 reference-count changes inside functions that are not reference-count functions; 218 lines tagged on-disk block reference; 158 lines that only declare a function; 94 Handle definitions (64 class, 30 struct); 15 Guard classes that call a reference-count function directly and 11 that reach one through other functions; 13 Handle aliases. The evidence regex class \w+Handle\b matches 130 raw lines today, 69 of them forward or friend declarations, and never counted struct definitions, so the plan's 130 Handle classes are 94 Handle definitions.) 9 rows are in files the build never compiles and carry [not built].
const-cast	1888	567	1,750 lines	Code lines containing \bconst_cast\s*< or const_pointer_cast; the construct lists the target types and marks a target type that starts with const as adding const only. Also, found by a heuristic, C-style casts to a non-const pointer or reference type applied to: this inside a const member function; a member declared const T * or const T & in the enclosing class or its bases (inside a #define body, a member of a class in the same file stem); the result of a method whose every declaration returns const T & or const T *; or a name declared const T * or const T & in the same function within the 60 lines before. The plan figure 1,750 is git grep -c const_cast on raw text, comments and strings included. A const_cast inside a #define body is one row per body line; the uses of the macro are not rows. A row from a file the build never compiles carries [not built]: a C or C++ source that neither the production source inventory the CMake build reads from tools/cmake/emit_bazel_source_inventory.py nor a CMakeLists.txt file lists (so Bazel-only manual targets and ignored sources count as not built), or a header that only such files include. (Measured: 1727 lines with const_cast<, 19 of them only adding const; 161 lines with a C-style cast that drops const, found by the heuristic: 6 on this in a const member function, 8 on a member declared const, 1 on the result of a method that only returns const, 147 on a name declared const in the function; 14 rows sit inside 9 #define bodies, whose 60 invocation lines are not rows.) 4 rows are in files the build never compiles and carry [not built].
ret-compare	6577	1221	4,189 lines	An OB_ error code from ob_errno or the parser's parse_define.h (OB_SUCCESS excluded) compared with == or != against: ret, tmp_ret or temp_ret, in either operand order and also when the code is assigned inside the comparison (OB_X == (ret = f())); any other variable or member that holds a code (hash_ret, ret_, err, result->extra_errno_); a call result (a template call and a call continued on the next line included); or an errsim expression. Plus case labels with such codes inside any switch. The evidence regex counted OB_SUCCESS == ret (831 lines) but not ret == OB_SUCCESS, which is inconsistent, and left != out. A comparison inside a #define body is one row per body line; the uses of the macro are not rows, and their count, by macro name, is given below. A row from a file the build never compiles carries [not built]: a C or C++ source that neither the production source inventory the CMake build reads from tools/cmake/emit_bazel_source_inventory.py nor a CMakeLists.txt file lists (so Bazel-only manual targets and ignored sources count as not built), or a header that only such files include. (Measured: 3349 lines with ret == OB_X, the plan-comparable subset; 67 lines where the code is assigned inside the comparison; 463 lines comparing another code variable; 114 lines comparing a call result; 1 lines comparing an errsim expression; 103 case labels; 26 comparisons of ret against non-error OB_ constants dropped; 97 rows sit inside 56 #define bodies, whose 424 invocation lines, counted by macro name, are not rows.) 47 rows are in files the build never compiles and carry [not built].
reset	3028	862	2,905 resets	Assignments ret = OB_SUCCESS anywhere on a code line (declarations excluded), also inside an expression such as FALSE_IT(ret = OB_SUCCESS); ret = 0 in a function whose ret is an error code (declared int ret = OB_SUCCESS or INIT_SUCC(ret)); and ternaries that assign OB_SUCCESS to ret, on one line or a statement over several lines, tagged by their condition: a conditional reset when the condition tests an error code (the code is swallowed), an errsim injection point when the condition is an errsim switch or tracepoint, and a code chosen by a flag otherwise. The evidence definition ^\s*ret\s*=\s*(common::)?OB_SUCCESS\s*; is the line-start subset. A reset inside a #define body is one row per body line; the uses of the macro are not rows. A row from a file the build never compiles carries [not built]: a C or C++ source that neither the production source inventory the CMake build reads from tools/cmake/emit_bazel_source_inventory.py nor a CMakeLists.txt file lists (so Bazel-only manual targets and ignored sources count as not built), or a header that only such files include. (Measured: 2902 line-start resets, the plan definition; 13 resets after other code on the line; 4 resets inside an expression (FALSE_IT or a comma expression); 2 resets spelled ret = 0; 76 conditional resets that swallow a code, 1 of them statements over several lines; 23 codes chosen by a flag; 8 errsim injection points; 60 rows sit inside 44 #define bodies, whose 277 invocation lines are not rows.) 22 rows are in files the build never compiles and carry [not built].
tmp-ret	3383	534	about 1,560 lines	Code lines that declare tmp_ret or temp_ret (also tmp_ret_code, tmp_ret_2; as int, int32_t, int64_t or auto, or through INIT_SUCC(tmp_ret), which expands to int tmp_ret = OB_SUCCESS), call OB_TMP_FAIL, assign the variable, or merge it into ret (ret = ... tmp_ret, COVER_SUCC). Also the same continue-and-record idiom through any other variable or code X, in functions and #define bodies: the merge (ret = OB_SUCCESS == ret ? X : ret, OB_SUCC(ret) ? X : ret, return ... ? X : ret, COVER_SUCC(X), and if (OB_SUCC(ret) or OB_SUCCESS == ret [&& X failed]) { ret = X; }) and, in the same function, the declarations and assignments of X. Lines that only compare or log tmp_ret are left out. The plan figure counted int tmp_ret = OB_SUCCESS; plus OB_TMP_FAIL( lines. A row from a file the build never compiles carries [not built]: a C or C++ source that neither the production source inventory the CMake build reads from tools/cmake/emit_bazel_source_inventory.py nor a CMakeLists.txt file lists (so Bazel-only manual targets and ignored sources count as not built), or a header that only such files include. (Measured: 1561 lines with a plan-definition construct, 2 of them INIT_SUCC(tmp_ret); 176 lines through other continue-and-record variables or constants (merge, declaration or assignment), 49 of them merges written as if (OB_SUCC(ret)) { ret = X; }; 1206 tmp_ret lines that only compare or log were left out.) 30 rows are in files the build never compiles and carry [not built].
ret-alias	75	44	31 uses in 18 files	int &ret = <member>; lines (ret_, error_ret_, callback_ret_, err_code_, errcode_ and other members), each tagged by its enclosing function: a bool operator<, a bool operator() whose two parameters have the same type or whose class name says compare, cmp or less, or a function named compare, cmp or less that returns bool or int, is a comparator, and the first if on ret after the alias is checked for an assignment or return in its branch. Plus comparators of the same kind that keep their error in a member without such an alias: a member named like ret_, sort_ret_ or err_code_, or any member that the comparator both assigns and compares with OB_SUCCESS (result_code_); and lambdas passed to std::sort, lower_bound, upper_bound and the other sort, search and heap algorithms or to ob_sort that capture ret by reference and set it. A row from a file the build never compiles carries [not built]: a C or C++ source that neither the production source inventory the CMake build reads from tools/cmake/emit_bazel_source_inventory.py nor a CMakeLists.txt file lists (so Bazel-only manual targets and ignored sources count as not built), or a header that only such files include. (Measured: 31 exact int &ret = ret_ lines; 18 aliases of other members; 27 comparators whose error branch sets no result; 19 comparators that keep their error in a member without an alias; 7 lambda comparators passed to a sort or search that record errors in the caller's ret. PLAN section 6 says "the two unfixed comparators"; the sweep finds 27 comparators with an int &ret alias whose error branch sets no result, so that figure undercounts.) 1 rows are in files the build never compiles and carry [not built].
oom-sites	252	119	about 40 budget-backed sites plus the logical -4013 errors and the micro block cache FIFO	Every raise of OB_ALLOCATE_MEMORY_FAILED or the parser's OB_PARSER_ERR_NO_MEMORY (assignment, return, ternary, OV/OX/OZ/CK argument), judged on the if/else-if chain that governs it (multi-line) plus the condition of the branch around that chain, and on the statements before it on the same path (at most 4 lines, other branches excluded). In order: errsim injection when its own condition is an errsim switch or tracepoint; budget-backed when an allocation through a budget owner the plan names appears (clog and replay, the IO allocator, the KV cache store, the micro block cache FIFO, the temp-file write buffer pool, the vector module; as file and receiver patterns, or the raise sits in the owner's allocation or reservation function) and, marked separately, when the allocation goes through a bounded FIFO the evidence names but the plan does not (a general out-of-memory under Decision 12 unless the design names it); a general out-of-memory, not a row, when the governing condition is a null test, a validity or emptiness test of an object that allocates (!x.is_valid(), x.empty()), or ENOMEM; budget-backed at the SQL work-area spill when the governing condition is the spill decision (need_dump, enable_sql_dumped_, sql_mem_processor_); logical at one of the plan's named cases (hash-join partition depth, the KV-cache handle pool, the IVF cache, vsag NO_ENOUGH_MEMORY) by file and pattern; else logical, not a named plan case and provisional, when no allocation-like call appears (caught bad_alloc counts as one) and no null test appears in the governing chain (a null test in the outer condition counts only when its value was just assigned from a call); otherwise a general out-of-memory, not a row. A raise whose own condition compares a code with -4013 passes an earlier -4013 on and is not a row (the comparison is). -4013 passed to a function or macro that raises it (a parser fatal-error call, YYABORT_WITH_ERROR, a DDL simulation point's RET_ERR, CASE_* helpers as case labels) is a row; logging calls are not. Variables initialized to -4013 are marked, not treated as raises. Also: -4013 comparisons and case labels; raises, comparisons and case labels of the memory-budget codes, every errno whose name says a memory limit was reached, exceeded or exhausted plus OB_ALLOCATE_TMP_FILE_PAGE_FAILED (listed below); query memory tracker check calls, with the check functions' declarations and definitions marked; and the micro block cache FIFO lines. A row from a file the build never compiles carries [not built]: a C or C++ source that neither the production source inventory the CMake build reads from tools/cmake/emit_bazel_source_inventory.py nor a CMakeLists.txt file lists (so Bazel-only manual targets and ignored sources count as not built), or a header that only such files include. (Measured: budget-backed -4013 at an owner the plan names: 40; at a bounded allocator the plan does not name: 10; logical -4013 at the plan's named cases: 5 (IVF cache 1, KV-cache handle pool 1, hash-join partition depth 2, vsag NO_ENOUGH_MEMORY 1); other logical-looking -4013, provisional: 7; errsim -4013 injections: 15; -4013 passed to a function or macro that raises it: 4; variables initialized to -4013: 8; -4013 comparisons: 81; -4013 case labels: 2; budget codes: OB_ALLOCATE_TMP_FILE_PAGE_FAILED, OB_ERR_QUERY_RANGE_MEMORY_EXHAUSTED, OB_ERR_VSAG_MEM_LIMIT_EXCEEDED, OB_EXCEED_MEM_LIMIT, OB_EXCEED_QUERY_MEM_LIMIT, OB_LIBEASY_REACH_MEM_LIMIT, OB_REACH_MEMORY_LIMIT, OB_SERVER_RUNTIME_OUT_OF_MEM; budget error raises: 18; budget error comparisons or case labels: 29; tracker check calls: 8; tracker function declarations or definitions: 10; FIFO lines: 15.) 8 rows are in files the build never compiles and carry [not built].
server-service-slots	1518	383	122 slot types	Template arguments of server_service, bind_server_service, unbind_server_service, server_obj_pool, borrow_server_object, return_server_object and ObServerServiceSlot, and the type argument of BIND_SERVICE/UNBIND_SERVICE, namespaces removed. One summary row per type, at its first bind site (else first use), with its lookup count (a lookup written inside a wrapper macro counts once per use of the macro); plus one row per lookup, bind, unbind, pool and slot site, and one row per use of a wrapper macro that looks a type up, so an implementer can search by file. A row from a file the build never compiles carries [not built]: a C or C++ source that neither the production source inventory the CMake build reads from tools/cmake/emit_bazel_source_inventory.py nor a CMakeLists.txt file lists (so Bazel-only manual targets and ignored sources count as not built), or a header that only such files include. (Measured: the evidence command git grep -h -oP 'server_service<[^>]+>' | sort -u gives 122 distinct raw spellings today; it also matches inside bind_server_service and unbind_server_service, a macro parameter and one cut-off template. With namespaces removed they name 96 distinct types; the summary rows hold 98 types, 2 of them written with the type on the next line and 0 reached only through server_obj_pool or the pool helpers. So the plan's 122 slot types are 98 distinct types. 1298 lookup lines, uses of wrapper macros counted. Besides the one summary row per type, every lookup, bind, unbind and pool site is a row (1420 rows; a use of a wrapper macro is a row at the use), so the table can be searched by file.) 10 rows are in files the build never compiles and carry [not built].
subclassed-bases	581	445	ObTimerTask 72, ObDLinkBase 72, ObFuncExprOperator 313	Class and struct definitions (multi-line headers parsed, qualified names allowed, the row on the line that names the class) with a direct base among the plan's three, ObTimerTask, ObDLinkBase and ObFuncExprOperator, or the eight the evidence names for the same reason (a base class moved to Rust cannot be subclassed from C++): ObLink, ObIKVCacheKey, ObIKVCacheValue, ObITask, ObIDag, ObIReplaySubHandler, ObICheckpointSubHandler and AppendCb, whose rows carry a note. Class templates written inside #define bodies (one row per macro that is used at least once) and one row per use of such a macro, whose symbol is the class the macro writes. Indirect subclasses are not rows. A row from a file the build never compiles carries [not built]: a C or C++ source that neither the production source inventory the CMake build reads from tools/cmake/emit_bazel_source_inventory.py nor a CMakeLists.txt file lists (so Bazel-only manual targets and ignored sources count as not built), or a header that only such files include. (Measured: class-header subclasses ObTimerTask 69, ObDLinkBase 72, ObFuncExprOperator 313, ObLink 17, ObIKVCacheKey 16, ObIKVCacheValue 17, ObITask 24, ObIDag 9, ObIReplaySubHandler 14, ObICheckpointSubHandler 15, AppendCb 8; macros that write such a class and are used: 1; macros that write one and are never used, so have no row: 2 (DEFINE_TIMER_TASK, DEFINE_TIMER_TASK_WITHOUT_TIMEOUT_CHECK); macro uses: 6 (ObTimerTask 6). The plan's ObTimerTask 72 counts the 69 class headers plus the macro bodies; counting classes, there are 75 direct ObTimerTask subclasses (69 class headers plus 6 macro instances).) 8 rows are in files the build never compiles and carry [not built].
arena-handoff	148	83	none (no figure in the plan)	Proxy: (a) allocator members (memory contexts included), allocator-backed containers and borrowed-view members of classes that derive, directly or not, from a work-item, cache-entry, queue-node or thread-pool base (ObITask, ObIDag, ObIDagNet, ObTimerTask, ObAsyncTask, ObIOCallback, ObITransCallback, ObIKVCacheValue, ObIKVCacheKey, ObILibCacheObject, ObILibCacheNode, ObLink, ObSimpleThreadPool, ObThreadPool, ThreadPool, Threads, ObReentrantThread, ObAsyncTaskQueue, ObLinkQueueThreadPool, IObDedupTask, ObDDLTask); classes that reach other threads without such a base (a task a thread pool pushes as this) are not found; (b) add_task/add_dag/add_dag_net/push_task/schedule/submit/post/enqueue/TG_PUSH_TASK calls (add_task, add_dag, add_dag_net, push_task, submit_task, add_async_task, add_timer_task and schedule_task also without a receiver), push on a queue or task receiver, push without a receiver inside a thread-pool class, and put on a cache receiver, whose arguments (read across lines) name a variable the same function got from an allocation (assignment or alloc_*/create_* out-parameter) or pass an allocator or memory context (also through an accessor on another object, x.get_allocator()); IO hand-offs of arena buffers (aio_read, aio_write) are not covered; (c) placement new or OB_NEWx of such a class with an allocator or memory context argument. A row from a file the build never compiles carries [not built]: a C or C++ source that neither the production source inventory the CMake build reads from tools/cmake/emit_bazel_source_inventory.py nor a CMakeLists.txt file lists (so Bazel-only manual targets and ignored sources count as not built), or a header that only such files include. (Measured: 312 cross-thread classes; 48 allocator members; 15 allocator-backed container members; 43 view members; 10 constructions; 32 hand-off rows out of 227 calls that match the hand-off verbs and receiver filters: the other calls hand off an object the same function did not allocate, or pass no allocator, and are not rows.) 2 rows are in files the build never compiles and carry [not built].
borrowed-views	3234	1013	none (no figure in the plan)	Non-static class and struct data members whose type is ObString, ObDatum, ObObj, ObNewRow, ObRowkey, ObStoreRowkey, ObDatumRowkey, ObDatumRow, ObDatumRange, ObNewRange, a stored-row pointer, ObCompactRow or ObLobLocatorV2, a subclass of one (ObStorageDatum, ObObjParam, the stored-row subclasses), a typedef or using alias of one or of a container of them (DmlRow, ParamStore; an alias declared inside a class applies to that class and to its file), or a char/uint8_t pointer (value, pointer, reference, array, or a container of them); classes defined out of line with a qualified name (class A::B { ... }) and classes written inside a macro argument are included. Plus function definitions that take an allocator (a type named like an allocator or arena, a subclass or alias of ObIAllocator, or a template allocator parameter) and hand back a view through a non-const reference parameter or the return type. A row from a file the build never compiles carries [not built]: a C or C++ source that neither the production source inventory the CMake build reads from tools/cmake/emit_bazel_source_inventory.py nor a CMakeLists.txt file lists (so Bazel-only manual targets and ignored sources count as not built), or a header that only such files include. (Measured: 75 view types after adding subclasses and typedef aliases of the listed ones; 2518 members, 143 of them typed with a subclass or alias; 716 allocator-in functions returning an arena view.) 10 rows are in files the build never compiles and carry [not built].
sort-hash-order	629	239	about 169 lib::ob_sort call lines; 5 hash-order sites reaching plans	Sort call sites: std::sort/stable_sort/partial_sort/nth_element and heap operations, lib::ob_sort, qsort, member .sort()/.stable_sort(), sort() on this object (declarations excluded), and definitions of functions named sort, stable_sort or ob_sort. OB heap classes (a class named ...Heap or ...HeapBase with push, pop, top or replace_top, its subclasses and typedefs, such as ObBinaryHeap, ObRowHeap and the sort operator's TopnHeap, IMMSHeap and EMSHeap): declarations, push/pop/top/replace_top/remove/update calls on names declared with them, and the definitions of those operations. Hash iteration: begin()/foreach_refactored/for_each or range-for over a local, parameter or member (of the enclosing class or its bases, or reached through a member chain when at least 80% of the members with that name are hash containers) whose declared type is an OB hash container, a class derived from one (ObConfigContainer) or a typedef of one (an alias declared inside a class applies to that class and to its file); over the result of a getter that returns one (by the receiver's type, else when at least 80% of that getter's declarations do); and loops over an iterator of a hash type. The hash containers' own methods are not rows. A row from a file the build never compiles carries [not built]: a C or C++ source that neither the production source inventory the CMake build reads from tools/cmake/emit_bazel_source_inventory.py nor a CMakeLists.txt file lists (so Bazel-only manual targets and ignored sources count as not built), or a header that only such files include. (Measured: 167 lib::ob_sort call lines; 10 std heap operation lines; 262 hash iteration lines, 135 of them over a container declared through a typedef of an OB hash type or a class derived from one, 8 over a container returned by a getter and 30 through an iterator of a hash type; OB heap classes: 58 declarations, 67 push, pop, top or replace_top lines and 20 definitions of those operations.) 6 rows are in files the build never compiles and carry [not built].
pointer-identity	1041	172	none (evidence: 34 pointer-keyed map sites in optimizer and rewrite)	Declarations of hash or ordered containers keyed by a pointer; inside functions, == and != where one side resolves to an IR pointer and the other is not NULL, a constant or a count (IR = transitive subclasses of ObRawExpr, ObStmt, ObDMLStmt, ObLogicalOperator, ObLogPlan, ObJoinOrder, TableItem, ColumnItem, SemiInfo, JoinedTable and ObExpr), resolved through locals, parameters, members, IR array elements and methods returning IR pointers (a name counts only if at least 80% of its declarations are IR pointers); pointer-to-integer casts (reinterpret_cast always; a C-style cast when its operand is this, an address or a name declared as a pointer), tree-wide, tagged by use: a key (the statement mentions a key or a _refactored call), an IR pointer, compared for identity or for order with another pointer value, hashed or reduced modulo a bucket count (alignment checks excluded), or used as an id; find_item/has_exist_in_array/is_contain/add_var_to_array_no_dup/find_expr/get_expr_idx and similar membership calls on IR pointers, the ones that test identity and then same_as (append_exprs_no_dup, ObTransformUtils::find_expr) marked. A row from a file the build never compiles carries [not built]: a C or C++ source that neither the production source inventory the CMake build reads from tools/cmake/emit_bazel_source_inventory.py nor a CMakeLists.txt file lists (so Bazel-only manual targets and ignored sources count as not built), or a header that only such files include. (Measured: 168 IR types; 9 pointer-keyed container lines; 229 IR==IR; 56 IR==unresolved; pointer-to-integer casts: 88 used as a key, 4 of an IR pointer, 2 compared for identity, 12 compared for order, 16 used for hashing or a bucket choice, 4 used as an id; 621 membership tests, 15 of them identity then same_as.) 1 rows are in files the build never compiles and carry [not built].
overflow	528	101	none (no figure in the plan)	Proxy. Tree-wide: __builtin_*_overflow calls, raises of the overflow error codes unless their condition is a floating-point test (floating calls or constants such as DBL_MAX, or a floating literal) or a length or size comparison with no arithmetic, limit or helper, and arithmetic whose result is checked afterwards by an is_*_out_of_range(l, r, res) helper (the statement that computes res). In value and expression code (sql/engine/expr, aggregate, window_function, oblib/common/number, object, wide_integer, timezone and json_type, share/object, share/datum, query api expr and aggregate, and the storage pushdown aggregates): explicit checks (calls of overflow and out_of_range helpers and definitions of the integer ones, floating-point helpers and bare declarations excluded; limit comparisons next to arithmetic outside array subscripts) and unchecked + - * << on signed or unsigned datum or ObObj getters (indexed vector getters included), on integer locals initialized or assigned from them, or on the integer parameters of raw_op arithmetic kernels. Rust debug builds panic on signed and unsigned overflow alike. A row from a file the build never compiles carries [not built]: a C or C++ source that neither the production source inventory the CMake build reads from tools/cmake/emit_bazel_source_inventory.py nor a CMakeLists.txt file lists (so Bazel-only manual targets and ignored sources count as not built), or a header that only such files include. (Measured: 398 explicit checks, 227 of them raises of an overflow code, 27 of those outside the value directories; 130 unchecked arithmetic lines: 28 on a signed and 3 on an unsigned value getter, 65 on a signed and 15 on an unsigned value, 19 checked for overflow only after the arithmetic.) 21 rows are in files the build never compiles and carry [not built].
float-contraction	120	14	none (no figure in the plan)	fma/fmaf/fmal, __builtin_fma and FMA intrinsics (x86 and NEON) tree-wide: the calls the Rust port maps to mul_add (PLAN section 3, item 3). The multiply-add rows are a fallback in case the -ffp-contract=off build of the C++ reference is dropped, since under it they all translate to a plain multiply and add: in number, expression, aggregate, window-function, optimizer and vector-kernel code (data_plane vector), statements (on one line or several) where a product term (no division in it) is added or subtracted in the same expression (not across a comparison, a logical operator, a ternary branch or an argument comma), or added with += or -=, and a double or float local or member, a floating literal, a double cast or get_double/get_float appears in that expression or in the parenthesized expression it sits in. A row from a file the build never compiles carries [not built]: a C or C++ source that neither the production source inventory the CMake build reads from tools/cmake/emit_bazel_source_inventory.py nor a CMakeLists.txt file lists (so Bazel-only manual targets and ignored sources count as not built), or a header that only such files include. (Measured: 16 fma calls; 104 multiply-add rows, 9 of them statements over several lines.)
lock-guards	555	335	One row per lock declaration (RULEBOOK section 5; s8-numerics-platform.md rules 5.1, 5.3, 5.7, 5.8), outside the primitives' own directory src/oblib/lib/lock, comments and strings blanked. A lock type is an OB lock primitive (ObLatch, ObLatchMutex, ObSpinLock, lib::ObMutex, ObUtilMutex, ObFutex, SpinRWLock, TCRWLock, DRWLock, ObRWLock, ObQSyncLock, ObSmallSpinLock and ObByteLock, ObPtrSpinLock, ObRowLatch, ObBucketLock, ObBucketQSyncLock, ObRecursiveMutex, ObThreadCond, ObCond, Cond, SimpleCond, the per-CPU condition SCondTemp and its alias SCond, LWaitCond, ObMonitor, the reader-count syncs ObQSync, ObDynamicQSync and TCRef, and the no-op ObNullLock, NLock and NCond); a pthread mutex, spin lock, read-write lock or condition; libeasy's easy_spinrwlock_t; a std mutex, shared mutex or condition variable; a class derived from one of these; a class whose name ends in Lock, Latch, Mutex or Cond whose primary definition (not an explicit or partial specialization) holds a lock member by value, or that defines lock, unlock, rdlock, wrlock, try_lock or a similar operation other than an accessor that takes no argument and returns a reference or pointer (CtxLock, ObLSLock, MemtableMgrLock, the keybtree's own RWLock; ObBucketLockCond, which only holds a reference to its bucket and whose lock() and cond() return the bucket's members, is not one, so its locals are not rows); or a typedef, using alias or object-like #define of any of them (zstd's ZSTD_pthread_mutex_t; an alias declared in a class applies to that class and its file; a name that is both a lock class and an alias is the class only in the class's own file stem; a primitive with a platform typedef keeps its own kind, and the row notes the typedef: pthread_spinlock_t is a pthread_mutex_t under #ifdef __APPLE__). Names ending in Monitor are not lock words: the one synchronization monitor, obutil::ObMonitor, is a primitive, and the other classes named so are services such as ObPxTargetMonitor. Rows: every field, static member, global, function static and local declared with such a type, arrays included (a declarator list gives one row per name; a declaration inside a #define body is one row per body line and the uses of the macro are not rows; members of C structs declared with typedef struct {...} name are members of that name); every pointer or reference member or global of a lock type, which points at a lock declared elsewhere or allocated at run time; every declaration whose type holds lock objects as elements (std::pair, std::tuple, std::array and the OB and std arrays and lists: std::pair<ObBucketLock, ObBucketLock>); every member whose type is a template parameter when the type or the member name has a lock, latch, mutex or cond word, pointer and reference members included (SetLocker's t_lock &mutex_); and every integer, char or bool field, static member or global whose name has a lock, latch, mutex or spin word and that its file stem acquires with a test-and-set or compare-and-swap (ATOMIC_TAS, ATOMIC_BCAS, ATOMIC_CAS, the __sync and __atomic builtins, and macros that wrap them, such as TP_BCAS), with a guard object built on it, or with an acquire call that takes its address: a hand-made spin lock, whose atomic accesses are also rows of atomic-fields.tsv (the state fields of a lock class and the references held by a guard are left out). Instances of templates that take a lock type as a parameter are not rows: ObLightHashMap<.., SpinRWLock>, ObPool<.., ObNullLock>, and ObHashMap and ObHashSet, whose default LatchReadWriteDefendMode locks every bucket; the template's own lock member is a row (ob_light_hashmap.h:532, ob_pool.h:77, ob_hashtable.h:247), and an instance's lock follows from its template argument. Rows in libeasy and zstd carry [vendored]. Each row gives the kind (mutex, read-write lock, bucket lock, reentrant mutex, condition, spin lock, reader-count sync, no-op lock, lock class, hand-made spin lock), where it is declared, and the guard objects (a *Guard type, std::lock_guard, unique_lock; each argument of the guard that names a lock counts, a leading this does not) and lock calls (lock, unlock, rdlock, wrlock, try_*, wait, signal, pthread_*) that name it in its file stem: for a member, only those in methods of its class and its subclasses, with those through another object and those inside #define bodies given separately as not attributed; for a local or function static, those in its function; with the timed ones (a guard type with Timeout or Retry, or an argument with a time, timeout, deadline, expire, ts or us word, so ObLatchIds::SERVER_RUNTIME_LOCK is not timed) and the try ones. The guarded fields, the functions called with the lock held and the nesting order are left to the classifier. Not seen: uses through an accessor (get_lock()), locks whose type a macro pastes together, local pointers and references to locks, function parameters of lock type, lock-like classes whose names do not end in Lock, Latch, Mutex or Cond and do not derive from a primitive, and hand-made spin locks whose names have no lock word.	One row per lock declaration (RULEBOOK section 5; s8-numerics-platform.md rules 5.1, 5.7, 5.8), outside the primitives' own directory src/oblib/lib/lock, comments and strings blanked. A lock type is an OB lock primitive (ObLatch, ObLatchMutex, ObSpinLock, lib::ObMutex, ObUtilMutex, ObFutex, SpinRWLock, TCRWLock, DRWLock, ObRWLock, ObQSyncLock, ObSmallSpinLock and ObByteLock, ObPtrSpinLock, ObRowLatch, ObBucketLock, ObBucketQSyncLock, ObRecursiveMutex, ObThreadCond, ObCond, Cond, SimpleCond, LWaitCond, ObMonitor, the reader-count syncs ObQSync, ObDynamicQSync and TCRef, and the no-op ObNullLock, NLock and NCond); a pthread mutex, spin lock, read-write lock or condition; a std mutex, shared mutex or condition variable; a class derived from one of these; a class whose name ends in Lock, Latch, Mutex, Cond or Monitor and that holds a lock member or defines lock, unlock, rdlock, wrlock, try_lock or a similar operation (CtxLock, ObLSLock, MemtableMgrLock, the keybtree's own RWLock); or a typedef or using alias of any of them (an alias declared in a class applies to that class and its file; a name that is both a lock class and an alias is the class only in the class's own file stem). Rows: every field, static member, global, function static and local declared with such a type, arrays included (a declarator list gives one row per name; a declaration inside a #define body is one row per body line and the uses of the macro are not rows); every pointer or reference member or global of a lock type, which points at a lock declared elsewhere or allocated at run time; every declaration whose type is a container or pair of locks (ObLightHashMap<.., SpinRWLock>, std::pair<ObBucketLock, ObBucketLock>); and every member whose type is a template parameter when the type or the member name has a lock, latch, mutex or cond word. Each row gives the kind (mutex, read-write lock, bucket lock, reentrant mutex, condition, spin lock, reader-count sync, no-op lock, lock class), where it is declared, and the guard objects (a *Guard type, std::lock_guard, unique_lock) and lock calls (lock, unlock, rdlock, wrlock, try_*, wait, signal, pthread_*) that name it in its file stem, with the timed ones (a guard type with Timeout or Retry, or a timeout argument) and the try ones. The guarded fields, the functions called with the lock held and the nesting order are left to the classifier. Not seen: uses through an accessor (get_lock()) or through another object in the counts, locks whose type a macro pastes together, local pointers and references to locks, function parameters of lock type, and lock-like classes whose names do not end in Lock, Latch, Mutex, Cond or Monitor and do not derive from a primitive. A row from a file the build never compiles carries [not built]: a C or C++ source that neither the production source inventory the CMake build reads from tools/cmake/emit_bazel_source_inventory.py nor a CMakeLists.txt file lists (so Bazel-only manual targets and ignored sources count as not built), or a header that only such files include. (Measured: 49 lock types: 36 primitives, 0 subclasses of them, 13 lock classes found by name and contents, 22 names with a typedef, using alias or #define of a lock; rows: 503 declarations of a lock object (490 members or static members, 0 globals, 13 locals or function statics, 0 inside #define bodies; 15 in vendored libeasy and zstd), 32 pointer or reference members, 1 containers of locks, 8 locks whose type is a template parameter (4 of them references), 11 hand-made spin locks; 121 rows with no guard or lock call on the name in methods of their class or in their function; 52 with uses through another object and 4 with uses inside #define bodies that are not attributed; 23 with a timed call; 38 with a try call; left out: 2 instances of templates that take a lock type as a parameter. The census behind the plan figure (evidence/conc/lock_census.py) matched 479 lines at 834bbee1e: 19 in src/oblib/lib/lock, one the predicate functor SlidingCond, and 459 that are rows here.) 6 rows are in files the build never compiles and carry [not built].
printf-calls	6506	652	Every call of a printf-family function or macro, comments and strings blanked, definitions and declarations excluded (a call whose arguments are all parameter declarations is a declaration): the C library's printf, fprintf, dprintf, sprintf, snprintf, asprintf and their v forms; every function whose definitions end their parameters with a const char * format parameter (named like fmt or format) and ..., or pass a va_list after it; and every function-like macro that passes one of its parameters, or its variadic arguments, on as the format of such a call (BUF_PRINTF, DATA_PRINTF, _OB_LOG and the other underscore log macros, HASH_WRITE_LOG, FORWARD_USER_ERROR_MSG, the type-name printers of ob_obj_type.cpp), found to a fixed point. Where other overloads of a name are not printf-like (databuff_printf's object templates, add_plan_note(const ObString &), set_extra_info in other classes), each call is matched to an overload: by the receiver's class when the overloads sit in different classes (a call whose receiver does not resolve is counted below), then by argument count (a databuff_printf call with 3 arguments or with 5 and more can only be a printf overload), then by the argument at the format position: a string literal, a string macro, a concatenation of string macro parameters, a const char * constant, local or expression, or a char array is the printf overload (a non-const char * binds the T * template instead); a call whose argument there has a type the script does not resolve is a row marked overload not resolved. Calls count in function bodies the scanner does not recognize (explicit specializations such as ob_tuple.h's print_<sizeof...(T) - 1>, functions with trailing macros such as __THROW) and in the grammar actions of .y and .l files. A call inside the body of a macro that passes its format on is not a row, the macro's uses are; a call with a fixed format inside any other #define body is one row per body line (J_NAME, PRINT_BOUND), and that macro's uses are not rows. Each row gives the format as written with string literals (backslash-newline splices joined, raw string literals read), PRI* macros expanded to their macOS arm64 values and object-like macros whose body is a string literal or a concatenation of such macros (NEW_LINE, FETCH_ALL_COLUMN_SQL) resolved; a format held in a const char * constant or local initialized with literals (DIGIT_FORMAT, the array BACK_DIGIT_FORMAT, a ternary of literals) is shown with its values, and a ternary of literals as the format gives the conversions of each branch; preprocessor branches inside the argument list are resolved for macOS arm64 (_WIN32 and __linux__ off, __APPLE__ on). Then the conversions, the argument expressions after the format and each argument's type where the script resolves it (literals, casts, sizeof, locals and parameters, members of the enclosing class and its bases, globals and const char * constants, member and method steps through resolved classes, typedefs, functions whose return types the tree declares, a few libc functions, and macros that expand to a call, a cast or several arguments such as LEN_AND_PTR; ? where it does not), the conversions paired with the argument types, a mark when the argument count differs from what the conversions take, and marks: format not a literal, forwards a va_list, has %p, writes the server log (the underscore log macros, logdata_printf), records a user message (it reaches the client), writes stdout, stderr or a file, inside to_string. LOG_USER_ERROR, LOG_USER_WARN and LOG_USER_NOTE are not rows: their format is the catalog's, which s2-errors.md 2.7 and 2.11 check. The key-value log macros (LOG_WARN("msg", K(x))) are not printf calls. Not seen: calls through function pointers or std::function, formats built at run time (marked format not a literal), argument types the resolution does not reach, templates' argument types, and whether a buffer's text reaches the client, which the classifier decides.	Every call of a printf-family function or macro, comments and strings blanked, definitions and declarations excluded: the C library's printf, fprintf, dprintf, sprintf, snprintf, asprintf and their v forms; every function whose definitions end their parameters with a const char * format parameter (named like fmt or format) and ..., or pass a va_list after it, when at least 80% of the definitions with that name do so or the name is declared with the printf format attribute (databuff_printf, which also has template overloads that print objects: its calls count only when a string literal sits at a format position; the others are counted below); and every function-like macro that passes one of its parameters, or its variadic arguments, on as the format of such a call (BUF_PRINTF, DATA_PRINTF, _OB_LOG and the other underscore log macros, HASH_WRITE_LOG, FORWARD_USER_ERROR_MSG, the type-name printers of ob_obj_type.cpp), found to a fixed point. A call inside the body of such a macro is not a row, the macro's uses are; a call with a fixed format inside any other #define body is one row per body line (J_NAME, PRINT_BOUND), and that macro's uses are not rows. Each row gives the format as written with string literals, PRI* macros expanded to their macOS arm64 values and object-like macros whose body is a string literal (NEW_LINE) resolved, the conversions in it, the argument expressions after it, and marks: format not a literal, forwards a va_list, has %p, writes the server log (the underscore log macros, logdata_printf), records a user message (it reaches the client), writes stdout, stderr or a file, inside to_string. LOG_USER_ERROR, LOG_USER_WARN and LOG_USER_NOTE are not rows: their format is the catalog's, which s2-errors.md 2.7 and 2.11 check. The key-value log macros (LOG_WARN("msg", K(x))) are not printf calls. Not seen: calls through function pointers or std::function, formats built at run time or held in variables (marked format not a literal, not resolved), the argument types (the row lists expressions), and whether a buffer's text reaches the client, which the classifier decides. A row from a file the build never compiles carries [not built]: a C or C++ source that neither the production source inventory the CMake build reads from tools/cmake/emit_bazel_source_inventory.py nor a CMakeLists.txt file lists (so Bazel-only manual targets and ignored sources count as not built), or a header that only such files include. (Measured: 34 printf-family functions (4 with other overloads) and 279 macros that pass a format on; calls by callee: databuff_printf 1899, BUF_PRINTF 1134, DATA_PRINTF 863, append_fmt 816, snprintf 447, _OB_LOG 259, assign_fmt 249, fprintf 154; 22 calls matched to a printf overload by argument count, 28 by the argument at the format position (24 of them a const char * constant), 3 marked overload not resolved; left out: 78 calls of the other overloads, 0 of them because the receiver did not resolve to a class; 69 calls whose format is not a literal; 66 whose format is a const char * constant or local shown with its values; 33 that forward a va_list; 148 with %p; 580 that write the server log; 7 that record a user message; 286 that write stdout, stderr or a file; 495 inside to_string; 270 rows sit inside #define bodies with a fixed format; 279 calls inside macros that pass their format on are not rows, their uses are; 12 declarations with parameter lists left out; 7 calls with preprocessor branches in their arguments; 6729 of 8086 arguments typed (83.2%); 37 calls pass a different number of arguments than their conversions take.) 31 rows are in files the build never compiles and carry [not built].
fast-parser	52	1	Each branch of ObFastParser's lexer (src/sql/parser/ob_fast_parser.{h,cpp}: ObFastParser, ObFastParserBase, ObFastParserMysql and the macros defined in those files) that makes or selects a parameter: the innermost case label group, or if, else-if or else branch, around a statement that sets cur_token_type_ = PARAM_TOKEN, builds a node (new_node with a T_ type, add_bool_type_node, add_null_type_node, lex_store_param), assigns a T_ node type (param_type = T_INT, node->type_ = T_NUMBER), calls a function or macro with a T_ type argument (CHECK_AND_PROCESS_NUMBER(T_DOUBLE)), or calls a lexer function that does any of these, found to a fixed point (process_number, process_string, process_hex_number, process_binary, process_time_relate_type, process_negative and the rest), in its body or in its own condition (else if (OB_FAIL(process_number(true)))). One row per branch, at its header, with what it produces and the chain of branches around it. A branch whose condition only tests an error or an allocation (every part of it joined by && or || is OB_FAIL, OB_SUCC, OB_ISNULL, OB_NOT_NULL, a NULL, OB_SUCCESS or ret comparison, and it calls no lexer function that produces a parameter), or the else of such a test, is not a row: what it produces moves to the nearest enclosing branch that is one (if (OB_SUCC(ret) && PARAM_TOKEN == cur_token_type_) gets node T_HEX_STRING, the else of process_string's allocation test gives its enclosing else T_VARCHAR and lex_store_param). A branch that only sets PARAM_TOKEN names the node types its function builds (T_HEX_STRING for process_hex_number and process_binary). T_INVALID assignments are not products. Whether the grammar makes the same constant a parameter is left to the classifier, against sql_parser_mysql_mode.y. Not seen: the identifier path reached through the process_idf_func_ member-function pointer from the default case (its own branches are rows), and literal recognition in helpers that branch on nothing.	Each branch of ObFastParser's lexer (src/sql/parser/ob_fast_parser.{h,cpp}: ObFastParser, ObFastParserBase, ObFastParserMysql and the macros defined in those files) that makes or selects a parameter: the innermost case label group, or if, else-if or else branch, around a statement that sets cur_token_type_ = PARAM_TOKEN, builds a node (new_node with a T_ type, add_bool_type_node, add_null_type_node, lex_store_param), assigns a T_ node type (param_type = T_INT, node->type_ = T_NUMBER), calls a function or macro with a T_ type argument (CHECK_AND_PROCESS_NUMBER(T_DOUBLE)), or calls a lexer function that does any of these, found to a fixed point (process_number, process_string, process_hex_number, process_binary, process_time_relate_type and the rest). One row per branch, at its header, with what it produces and the chain of branches around it. A branch whose own condition only tests an error or an allocation (OB_FAIL, OB_ISNULL, a NULL, OB_SUCCESS or ret comparison), or the else of such a test, is left out; T_INVALID assignments are not products. Whether the grammar makes the same constant a parameter is left to the classifier, against sql_parser_mysql_mode.y. Not seen: the identifier path reached through the process_idf_func_ member-function pointer from the default case (its own branches are rows), and literal recognition in helpers that branch on nothing. A row from a file the build never compiles carries [not built]: a C or C++ source that neither the production source inventory the CMake build reads from tools/cmake/emit_bazel_source_inventory.py nor a CMakeLists.txt file lists (so Bazel-only manual targets and ignored sources count as not built), or a header that only such files include. (Measured: 52 branches: 7 case labels, 30 if or else-if conditions, 15 else branches; 9 branches that only test an error or an allocation are not rows, their products moved to the enclosing branch; 4 rows that only set PARAM_TOKEN name the node types of their function; 19 lexer functions produce parameters.)
sizeof-formulas	126	31	Proxy for s5-execution.md rule 4.9. Every sizeof in the execution code (src/sql/engine, src/sql/code_generator, src/sql/das, src/sql/dtl, src/query/api/query/engine), comments and strings blanked, whose statement names a batch size, bucket, dump, bypass, cache size, memory bound or limit, frame size, rowset, row count, partition count or shift, threshold, memory size, used, hold or data size, capacity or max size, or whose enclosing function's name says batch size, bucket, dump, bypass, memory bound, cache size, frame size, header size, memory size, memory used or partition; left out when the innermost call around it only allocates, copies, compares bytes, hashes, serializes, sets, creates, extends or resets, and in static_asserts and array dimensions. A sizeof whose statement assigns a local is followed through the function (and through the locals computed from that one, three steps deep; logging is ignored): when every later use only sizes an allocation, a copy or a memset or offsets a pointer (a buffer layout: buf + pos, mem += size, mem - begin != size), it is left out whatever its words, the same as a size written inside alloc(...); when a use reaches a statement with the decision words above or a call that decides (check_can_insert, need_dump, dump and the like), it is a row even without decision words in its own statement, and the row names the local and the statement it reaches (the subquery result cache's need_size, the frame packing's item_size). A named constant whose value is a sizeof expression (DATUM_EVAL_INFO_SIZE, FIX_SIZE_PER_PART, BIG_BLOCK_SIZE), defined in these directories, is a row at each use there that meets the same tests. One row per sizeof or constant use. Not seen: sizes that reach a decision through a member computed elsewhere (a store's mem_used_ summed per row), decision formulas outside these directories, and statements and callees whose words the vocabulary misses.	Proxy for s5-execution.md rule 4.9. Every sizeof in the execution code (src/sql/engine, src/sql/code_generator, src/sql/das, src/sql/dtl, src/query/api/query/engine), comments and strings blanked, whose statement names a batch size, bucket, dump, bypass, cache size, memory bound or limit, frame size, rowset, row count, partition count or shift, threshold, memory size, used, hold or data size, capacity or max size, or whose enclosing function's name says batch size, bucket, dump, bypass, memory bound, cache size, frame size, header size, memory size, memory used or partition; left out when the innermost call around it only allocates, copies, compares bytes, hashes, serializes, sets, creates, extends or resets, and in static_asserts and array dimensions. One row per sizeof. Not seen: sizes that reach a decision through a variable or member computed elsewhere (a store's mem_used_ summed per row), decision formulas outside these directories, and statements whose words the vocabulary misses. A row from a file the build never compiles carries [not built]: a C or C++ source that neither the production source inventory the CMake build reads from tools/cmake/emit_bazel_source_inventory.py nor a CMakeLists.txt file lists (so Bazel-only manual targets and ignored sources count as not built), or a header that only such files include. (Measured: 126 rows: 64 sizeof in statements with decision words, 55 sizeof that reach a decision through a local, 7 uses of 5 named constants whose value is a sizeof expression; left out: 821 that size an allocation, a copy, a hash, serialization or an array, 168 whose local only sizes an allocation or lays out a buffer, and 461 in arithmetic without decision words.)
work-area-formulas	151	28	Proxy for s5-execution.md rule 6.9, outside the work area's own files (src/sql/engine/ob_sql_mem_mgr_processor.{h,cpp}, ob_sql_memory_manager.{h,cpp}), comments and strings blanked: each call on an ObSqlMemMgrProcessor (a member, pointer or local named like mem_processor) that reports a figure to the work area: init with its cache-size argument, alloc, update_used_mem_size, update_cache_size, update_delta_used_mem_size, set_number_pass, and update_max_available_mem_size_periodically and extend_max_memory_size with the return expressions of their callbacks; each statement that compares (<, >, <=, >=) a work-area figure (get_data_size, get_mem_bound, get_max_bound, get_max_available_mem_size, get_expect_size, get_cache_size) read next to a processor, a profile or a memory context, a getter of the same class whose body only returns such a figure (get_mem_bound_size(), get_memory_limit(), found to a fixed point; a getter of another class with the same name does not count), or a local computed from either in the same function (detect_part_cnt's availble_mem_size, adjust_part_cnt's max_part_cnt): the dump and partition decisions; and in the row stores, row arrays and hash tables under src/sql/engine and src/query/api/query/engine, each comparison with the store's own mem_limit_: the stores' own dump decisions. The formula behind each reported value, often in a helper such as get_mem_used_size(), is the classifier's to follow. Not seen: memory accounted without a processor call, processors reached through a name that does not say mem_processor, and figures that reach a decision through a member or another function.	Proxy for s5-execution.md rule 6.9, outside the work area's own files (src/sql/engine/ob_sql_mem_mgr_processor.{h,cpp}, ob_sql_memory_manager.{h,cpp}), comments and strings blanked: each call on an ObSqlMemMgrProcessor (a member, pointer or local named like mem_processor) that reports a figure to the work area: init with its cache-size argument, alloc, update_used_mem_size, update_cache_size, update_delta_used_mem_size, set_number_pass, and update_max_available_mem_size_periodically and extend_max_memory_size with the return expressions of their callbacks; and each statement that compares a work-area figure (get_data_size, get_mem_bound, get_max_bound, get_max_available_mem_size, get_expect_size, get_cache_size) with <, >, <= or >= next to a processor, a profile or a memory context: the dump decisions. The formula behind each reported value, often in a helper such as get_mem_used_size(), is the classifier's to follow. Not seen: memory accounted without a processor call, and processors reached through a name that does not say mem_processor. A row from a file the build never compiles carries [not built]: a C or C++ source that neither the production source inventory the CMake build reads from tools/cmake/emit_bazel_source_inventory.py nor a CMakeLists.txt file lists (so Bazel-only manual targets and ignored sources count as not built), or a header that only such files include. (Measured: 94 report calls (alloc 9, extend_max_memory_size 17, init 22, set_number_pass 15, update_cache_size 2, update_max_available_mem_size_periodically 18, update_used_mem_size 11); 24 decisions that compare a work-area figure directly or through a getter of the same class (7 getters found: get_data_mem_used, get_data_size, get_mem_bound_size, get_memory_limit, get_need_dump_size, is_need_dump, need_dump); 21 decisions through a local computed from a figure; 12 comparisons with a row store's own mem_limit_; 28 files.)
memmove	131	63	Every MEMMOVE, memmove, std::memmove and __builtin_memmove call, comments and strings blanked, the MEMMOVE macro's own definitions and ob_memmove_safe left out, tagged by directory: src/sql/engine/expr (the 17 lines of s5-execution.md rule 3.5), the expression core under src/query/api/query/engine/expr (ObExpr's deep copy, the overlap ob_expr.h:1108 marks), and elsewhere. Calls in the C parser cores, in the grammar actions of the .y and .l files, and in vendored zstd are rows too, with their file flags. Not seen: result writes whose source may be the destination's own buffer but that copy with MEMCPY, memcpy or a loop, which rule 3.5 also covers.	Every MEMMOVE, memmove, std::memmove and __builtin_memmove call, comments and strings blanked, the MEMMOVE macro's own definitions and ob_memmove_safe left out, tagged by directory: src/sql/engine/expr (the 17 lines of s5-execution.md rule 3.5), the expression core under src/query/api/query/engine/expr (ObExpr's deep copy, the overlap ob_expr.h:1108 marks), and elsewhere. Calls in the C parser cores and in vendored zstd are rows too, with their file flags. Not seen: result writes whose source may be the destination's own buffer but that copy with MEMCPY, memcpy or a loop, which rule 3.5 also covers. A row from a file the build never compiles carries [not built]: a C or C++ source that neither the production source inventory the CMake build reads from tools/cmake/emit_bazel_source_inventory.py nor a CMakeLists.txt file lists (so Bazel-only manual targets and ignored sources count as not built), or a header that only such files include. (Measured: 17 in src/sql/engine/expr, the plan figure; 2 in the expression core; 112 elsewhere, 15 of them in the grammar files.)
frame-internals	693	66	Lines of the operator files, the *_op.{h,cpp} and *_op_impl.{h,cpp} files under src/sql/engine (comments and strings blanked), that reach into frame internals: frames_; the frame layout members frame_idx_, datum_off_, res_buf_off_, res_buf_len_, eval_info_off_, eval_flags_off_, pvt_skip_off_, dyn_buf_header_offset_ and vector_header_off_; locate_expr_datum, locate_batch_datums, locate_datum_for_write, locate_datums_for_update, locate_param_datum and the datum-vector forms; get_evaluated_flags, get_eval_info, get_pvt_skip, get_str_res_mem, get_reset_tmp_alloc, reset_ptr_in_datum; the evaluated and projected flag setters; BatchInfoScopeGuard; the batch index and size accessors; and reinterpret_cast to ObDatum. One row per line, listing what it uses and marking the lines R05's narrower pattern matches as whole names (frames_, locate_batch_datums, locate_expr_datum, locate_datum_for_write, get_evaluated_flags, get_eval_info, get_pvt_skip, reinterpret_cast<ObDatum). A call of the operator base method clear_evaluated_flag() (on this or another operator) is marked: it clears the eval flags of the operator's own output exprs (ob_operator.h:700-705), and a line with nothing else says it is no direct frame access. Not seen: helpers outside the operator files that operators call to reach the frame (the row stores, the aggregate processor, ob_batch_eval_util.h), and frame access through local aliases of these members.	Lines of the operator files, the *_op.{h,cpp} and *_op_impl.{h,cpp} files under src/sql/engine (comments and strings blanked), that reach into frame internals: frames_; the frame layout members frame_idx_, datum_off_, res_buf_off_, res_buf_len_, eval_info_off_, eval_flags_off_, pvt_skip_off_, dyn_buf_header_offset_ and vector_header_off_; locate_expr_datum, locate_batch_datums, locate_datum_for_write, locate_datums_for_update, locate_param_datum and the datum-vector forms; get_evaluated_flags, get_eval_info, get_pvt_skip, get_str_res_mem, get_reset_tmp_alloc, reset_ptr_in_datum; the evaluated and projected flag setters; BatchInfoScopeGuard; the batch index and size accessors; and reinterpret_cast to ObDatum. One row per line, listing what it uses and marking the lines R05's narrower pattern matches (frames_, locate_batch_datums, locate_expr_datum, locate_datum_for_write, get_evaluated_flags, get_eval_info, get_pvt_skip, reinterpret_cast<ObDatum). Not seen: helpers outside the operator files that operators call to reach the frame (the row stores, the aggregate processor, ob_batch_eval_util.h), and frame access through local aliases of these members. A row from a file the build never compiles carries [not built]: a C or C++ source that neither the production source inventory the CMake build reads from tools/cmake/emit_bazel_source_inventory.py nor a CMakeLists.txt file lists (so Bazel-only manual targets and ignored sources count as not built), or a header that only such files include. (Measured: 693 lines in 66 operator files: 64 *_op files and 2 *_op_impl files (the feasibility evidence's 66 counted *_op.{h,cpp} files only, so the equal totals are a coincidence); 208 lines only call the operator base method clear_evaluated_flag(), and without them 51 files remain. R05's pattern, as whole names, matches 166 lines in 34 files (32 of them *_op.{h,cpp}); matched as substrings of the raw text, comments included, over the *_op.{h,cpp} files the way R05's grep did, it matches 35 files (37 with the *_op_impl files), since locate_expr_datum is also a prefix of locate_expr_datumvector (ob_limit_op.cpp:427, ob_select_into_op.cpp:997) and a commented-out line counts (ob_table_scan_with_index_back_op.cpp:124).)
storage-sql-uses	1181	125	Lines under src/storage, comments and strings blanked, that use SQL objects: every line naming the sql namespace (sql::X, oceanbase::sql::X), with the names; every using namespace sql and using sql::X line; in a file with such a using line, every line that names without qualification a type declared at namespace scope inside namespace sql and in no other namespace (or the X of using sql::X); and each namespace sql { } block in a storage file: its opening line (with what it declares or defines), each line inside it that names such a type, and each SQL function it defines, at the function's header with its line range (ob_block_row_store.cpp defines sql::PushdownFilterInfo::init). R05's 1,070 lines were git grep over raw text, comments included. Not seen: SQL types reached through storage's own typedefs or templates, SQL functions and constants named without qualification, the lines of a defined SQL function that name no SQL type (its row gives the range), and SQL objects handed over as void pointers.	Lines under src/storage, comments and strings blanked, that use SQL objects: every line naming the sql namespace (sql::X, oceanbase::sql::X), with the names; every using namespace sql and using sql::X line; and, in a file with such a using line, every line that names without qualification a type declared at namespace scope inside namespace sql and in no other namespace (or the X of using sql::X). R05's 1,070 lines were git grep over raw text, comments included. Not seen: SQL types reached through storage's own typedefs or templates, SQL functions and constants named without qualification, and SQL objects handed over as void pointers. A row from a file the build never compiles carries [not built]: a C or C++ source that neither the production source inventory the CMake build reads from tools/cmake/emit_bazel_source_inventory.py nor a CMakeLists.txt file lists (so Bazel-only manual targets and ignored sources count as not built), or a header that only such files include. (Measured: 1065 lines with sql::, in 99 files; 26 lines with an unqualified SQL name under using namespace sql or using sql::X; 29 using lines; 21 namespace sql blocks in storage files, with 39 lines inside that name an SQL type and 1 SQL function definitions; 3939 SQL type names known.)
batch-end-tracepoints	141	75	Reads of tracepoints (EventTable::EN_* through EVENT_CALL, OB_E or EVENT_CODE, and errsim points a file defines with ERRSIM_POINT_DEF and reads by name), comments and strings blanked: every read of the four tracepoints s5-execution.md rule 4.6 names (311 EN_DAS_SIMULATE_GROUP_SIZE, 1200 EN_ENABLE_NEWSORT_FORCE, 2206 EN_ENABLE_RANDOM_BATCH_SIZE, 2501 EN_CHECK_SORT_CMP), tree-wide, and their definitions in ob_tracepoint_def.h; and, in the execution side and the optimizer (src/sql, src/query, src/storage/access, src/storage/blocksstable, src/share/vector, src/share/aggregate), every other read used as a value, a switch or a number, whatever its name says, since rule 4.6 also keeps tracepoints that pick algorithms and a name can hide the effect (EN_ENABLE_RANDOM_TSC randomizes table-scan batch sizes, EN_GENERATE_PLAN_WITH_NLJ and EN_FORCE_SLAVE_MAPPING pick plans). A read counts as a number when it is negated or passed through abs (EVENT_CALL, OB_E and EVENT_CODE alike), or when the code stores it in ret, reads ret back as a number and resets ret to OB_SUCCESS (EN_ENABLE_THREE_STAGE_AGGREGATE's parity picks the algorithm). A read inside OB_FAIL or OB_SUCC is an error injection only when the branch it takes when the tracepoint fires does nothing but log, set ret or return; otherwise it is a switch that also sets ret (tracepoint 551 at ob_explain_log_plan.cpp:143). Each row says how it is read, whether init.sql sets it, what batch, row, dump, sort, hash, bypass or cache word its name has, and the statement. Reads that only inject an error into ret (ret = OB_E(..), OB_FAIL(OB_E(..)) with such a branch, return OB_E(..)) and sets (TP_SET_EVENT) are not rows. Not seen: errsim points read through another file, and effects decided far from the read.	Reads of tracepoints (EventTable::EN_* through EVENT_CALL, OB_E or EVENT_CODE, and errsim points a file defines with ERRSIM_POINT_DEF and reads by name), comments and strings blanked: every read of the four tracepoints s5-execution.md rule 4.6 names (311 EN_DAS_SIMULATE_GROUP_SIZE, 1200 EN_ENABLE_NEWSORT_FORCE, 2206 EN_ENABLE_RANDOM_BATCH_SIZE, 2501 EN_CHECK_SORT_CMP), tree-wide, and their definitions in ob_tracepoint_def.h; and, in the execution side (src/sql, src/query, src/storage/access, src/storage/blocksstable, src/share/vector, src/share/aggregate), every other read used as a value or a switch when tools/deploy/init.sql sets the tracepoint, when it is read as a number (negated or through abs), or when its name says batch, row count, rowset, group size, dump, sort, hash, bypass or cache. Each row says how it is read, whether init.sql sets it, and the statement. Reads that only inject an error into ret (ret = OB_E(..), OB_FAIL(OB_E(..)), return OB_E(..)) and sets (TP_SET_EVENT) are not rows. Not seen: tracepoints whose names hide their effect and that init.sql does not set, errsim points read through another file, and effects decided far from the read. A row from a file the build never compiles carries [not built]: a C or C++ source that neither the production source inventory the CMake build reads from tools/cmake/emit_bazel_source_inventory.py nor a CMakeLists.txt file lists (so Bazel-only manual targets and ignored sources count as not built), or a header that only such files include. (Measured: 9 rows for the tracepoints rule 4.6 names; 132 other reads in the execution side and the optimizer: 26 read as a number, 4 switches that also set ret, 102 other values or switches; 10 set by init.sql; 24 whose names have a batch, row, dump, sort, hash, bypass or cache word; left out: 32 error injections.)
local-expr-factories	50	30	41 lines (s4-sql-front.md 2.3, evidence/s4-sql-front/counts2.txt)	Every ObRawExprFactory object held by value (comments and strings blanked): the local factories ObRawExprFactory x(...) of s4-sql-front.md 2.3, a declaration inside a #define body included (RESOLVE_SELECT_VIEW_STMT), and each use of such a macro; the data members that hold a factory by value (the PL resolver's proxy, the PL router, PL ASTs and cache objects, the truncate-info service, ObRTDatumArith); and factories allocated at run time (the exec context's OB_NEWx). Each row gives the constructor argument and marks a temporary memory context (CURRENT_CONTEXT). Which of the four kinds of 2.3 each is, is the classifier's. Not seen: a factory built by a raw allocation and placement new under a type alias. A row from a file the build never compiles carries [not built]: a C or C++ source that neither the production source inventory the CMake build reads from tools/cmake/emit_bazel_source_inventory.py nor a CMakeLists.txt file lists (so Bazel-only manual targets and ignored sources count as not built), or a header that only such files include. (Measured: 40 local factories, 5 of them on a temporary memory context; 1 inside #define bodies; 2 uses of such macros; 6 members held by value; 1 allocated at run time.)
null-arrays	36	21	Places where an array of IR pointers holds NULL (s4-sql-front.md 2.5 rule 15), comments and strings blanked, outside the C parser cores: push_back(NULL or nullptr); an element set to NULL (x.at(i) = NULL, x[i] = NULL); prepare_allocate and prepare_allocate_and_keep_count, whose new slots hold NULL until set; and extend_param_exprs. The array must resolve to pointers of an IR type (the pointer-identity list, ObExpr included), the element type being the outermost container's first template argument (an array of arrays, ObSEArray<ObSEArray<ObLogicalOperator*, 4>, 3>, holds empty arrays, not NULL, and is left out): a local or parameter declared as a container, C array or pointer-to-pointer of them (the nearest declaration of the name before the call); a member reached through a receiver, x.member or x->member, by the declared type of x (spec.values_ in the code generator, typedefs of arrays such as ExprFixedArray expanded); a member of the enclosing class whose declared container type holds them (by class, then by file stem); a member name that holds IR pointers in at least 80% of its declarations; a getter that returns such an array in at least 80% of its declarations; or, failing those, the declared type the argument-type resolution of printf-calls finds for the receiver expression. An array that resolves to other pointers or to non-pointers is left out; in the resolver, rewrite, optimizer, code generator, printer and PL directories a push_back(NULL), NULL store or prepare_allocate on an array that does not resolve is a row marked not resolved. Parse-tree children_ stores are left out: 1.2 rule 2 already makes a NULL child None. Not seen: arrays filled by assign or copy from an array that holds NULL, NULL passed through setters such as set_param_expr, and arrays reached through chains the resolution cannot follow.	Places where an array of IR pointers holds NULL (s4-sql-front.md 2.5 rule 15), comments and strings blanked, outside the C parser cores: push_back(NULL or nullptr); an element set to NULL (x.at(i) = NULL, x[i] = NULL); prepare_allocate and prepare_allocate_and_keep_count, whose new slots hold NULL until set; and extend_param_exprs. The array must resolve to pointers of an IR type (the pointer-identity list, ObExpr included): a local or parameter declared as a container, C array or pointer-to-pointer of them, a member whose declared container type holds them (by class, then by file stem), a member name that holds IR pointers in at least 80% of its declarations, or a getter that returns such an array in at least 80% of its declarations. An array that resolves to other pointers is left out; in the resolver, rewrite, optimizer, code generator, printer and PL directories a push_back(NULL) or NULL store on an array that does not resolve is a row marked not resolved. Parse-tree children_ stores are left out: 1.2 rule 2 already makes a NULL child None. Not seen: arrays filled by assign or copy from an array that holds NULL, NULL passed through setters such as set_param_expr, and arrays reached through chains the resolution cannot follow. A row from a file the build never compiles carries [not built]: a C or C++ source that neither the production source inventory the CMake build reads from tools/cmake/emit_bazel_source_inventory.py nor a CMakeLists.txt file lists (so Bazel-only manual targets and ignored sources count as not built), or a header that only such files include. (Measured: 8 push_back(NULL), 4 elements set to NULL, 17 prepare_allocate fills, 7 extend_param_exprs; 4 rows whose array type is not resolved; left out: 198 NULL stores and fills on arrays of other pointers or of arrays, 323 on arrays of other types found by the declared type, 8 that do not resolve outside the IR directories, 2 parse-tree children_ stores.)
expr-factory-callers	26	9	Every call of get_expr_factory(), comments and strings blanked, definitions and declarations excluded, in files outside src/sql/resolver, src/sql/rewrite and src/sql/optimizer (inside them RULEBOOK 2.4 makes the exec context's factory f.own()). Each row names the receiver: the exec context, an expression's own factory (2.3 rule 4), a PL AST's or package's factory, the optimizer context's, or unresolved, by the receiver's declared type when it resolves and by its name otherwise; marks a call whose result is stored into a compile context's expr_factory_ or passed to the constructor of a resolver, transformer or optimizer context (ObPLResolver, ObOptimizerContext, ObResolverParams): a hand-off to a compilation; says whether s4-sql-front.md 2.3 rule 5 counts the call among the ten hand-offs (the six in ob_sql.cpp and the four in ob_pl_build.cpp) or names it among the execution-time callers (SET, the outline executor, LOAD DATA, SPI, PL user-defined aggregates), so a row where the code and that list disagree (LOAD DATA's resolver context at ob_load_data_impl.cpp:94, the outline executor's optimizer context at ob_outline_executor.cpp:233) shows both; and gives the statement. Whether each runs at execution time or hands the factory to a compilation is the classifier's. Not seen: the exec context's factory used through a pointer cached earlier (ObRawExprFactory *f = ...; later uses of f), and calls inside the three compilation directories that run at execution time.	Every call of get_expr_factory(), comments and strings blanked, definitions and declarations excluded, in files outside src/sql/resolver, src/sql/rewrite and src/sql/optimizer (inside them RULEBOOK 2.4 makes the exec context's factory f.own()). Each row names the receiver: the exec context, an expression's own factory (2.3 rule 4), a PL AST's or package's factory, the optimizer context's, or unresolved, by the receiver's declared type when it resolves and by its name otherwise; marks a call whose result is stored into a compile context's expr_factory_ (a hand-off to a compilation); and gives the statement. Whether each runs at execution time or hands the factory to a compilation is the classifier's. Not seen: the exec context's factory used through a pointer cached earlier (ObRawExprFactory *f = ...; later uses of f), and calls inside the three compilation directories that run at execution time. A row from a file the build never compiles carries [not built]: a C or C++ source that neither the production source inventory the CMake build reads from tools/cmake/emit_bazel_source_inventory.py nor a CMakeLists.txt file lists (so Bazel-only manual targets and ignored sources count as not built), or a header that only such files include. (Measured: 20 on the exec context, 2 on an expression, 4 on a PL AST or package, 0 others; 9 hand the factory to a compilation (4 stored into a compile context, 5 passed to a resolver or optimizer context constructor); 10 are among the ten hand-offs s4-sql-front.md 2.3 rule 5 counts, 8 among the execution-time callers it names.)
warning-buffer-sites	24	18	the 15 sites s2-errors.md 2.6 rule 5 lists	Every site that changes the thread's warning-buffer slot, outside src/oblib/lib/oblog/ob_warning_buffer.{h,cpp}, comments and strings blanked: calls of ob_setup_tsi_warning_buffer and ob_setup_default_tsi_warning_buffer; ObWarningBufferIgnoreScope declarations; assignments through ob_get_tsi_warning_buffer(); and calls of a small wrapper whose body makes exactly one such change and at most three statements (ObMPBase::setup_wb). Each row says whether s2-errors.md 2.6 rule 5 lists the site (matched by file name and line range, the setup_wb calls as the request entries) or not, in which case it is a new site that needs an inventory decision. ob_reset_tsi_warning_buffer, which clears the buffer the slot points to, is not a slot change. Not seen: slot changes through wrappers that do more than one thing, and code in other languages or libraries that swaps the thread-local directly. A row from a file the build never compiles carries [not built]: a C or C++ source that neither the production source inventory the CMake build reads from tools/cmake/emit_bazel_source_inventory.py nor a CMakeLists.txt file lists (so Bazel-only manual targets and ignored sources count as not built), or a header that only such files include. (Measured: 24 sites listed in s2-errors.md 2.6; 0 not listed (new sites); 1 wrapper functions found: setup_wb.)
