dist_nest_loop_simple	1
dist_nest_loop_simple	1
dist_nest_loop_simple	1
dist_nest_loop_simple	1
dist_nest_loop_simple	1
dist_nest_loop_simple	1
dist_nest_loop_simple	1
dist_nest_loop_simple	1
dist_nest_loop_simple	1
dist_nest_loop_simple	1
dist_nest_loop_simple	1
dist_nest_loop_simple	1
dist_nest_loop_simple	1
dist_nest_loop_simple	1
dist_nest_loop_simple	1
dist_nest_loop_simple	1
dist_nest_loop_simple	1
dist_nest_loop_simple	1
dist_nest_loop_simple	1
dist_nest_loop_simple	1
dist_nest_loop_simple	1
dist_nest_loop_simple	1
dist_nest_loop_simple	1
dist_nest_loop_simple	1
dist_nest_loop_simple	1
dist_nest_loop_simple	1
dist_nest_loop_simple	1
dist_nest_loop_simple	1
dist_nest_loop_simple	1
dist_nest_loop_simple	1
dist_nest_loop_simple	1
dist_nest_loop_simple	1
dist_nest_loop_simple	1
dist_nest_loop_simple	1
dist_nest_loop_simple	1
dist_nest_loop_simple	1
dist_nest_loop_simple	1
dist_nest_loop_simple	1
dist_nest_loop_simple	1
dist_nest_loop_simple	1
dist_nest_loop_simple	1
dist_nest_loop_simple	1
dist_nest_loop_simple	1
dist_nest_loop_simple	1
dist_nest_loop_simple	1
dist_nest_loop_simple	1
dist_nest_loop_simple	1
dist_nest_loop_simple	1
dist_nest_loop_simple	1
dist_nest_loop_simple	1
dist_nest_loop_simple	1
dist_nest_loop_simple	1
dist_nest_loop_simple	1
dist_nest_loop_simple	1
dist_nest_loop_simple	1
dist_nest_loop_simple	1
dist_nest_loop_simple	1
dist_nest_loop_simple	1
dist_nest_loop_simple	1
dist_nest_loop_simple	1
dist_nest_loop_simple	1
dist_nest_loop_simple	1
dist_nest_loop_simple	1
dist_nest_loop_simple	1
dist_nest_loop_simple	1
dist_nest_loop_simple	1
dist_nest_loop_simple	1
dist_nest_loop_simple	1
dist_nest_loop_simple	1
dist_nest_loop_simple	1
dist_nest_loop_simple	1
dist_nest_loop_simple	1
dist_nest_loop_simple	1
dist_nest_loop_simple	1
dist_nest_loop_simple	1
dist_nest_loop_simple	1
dist_nest_loop_simple	1
dist_nest_loop_simple	1
dist_nest_loop_simple	1
dist_nest_loop_simple	1
dist_nest_loop_simple	1
dist_nest_loop_simple	1
dist_nest_loop_simple	1
dist_nest_loop_simple	1
dist_nest_loop_simple	1
dist_nest_loop_simple	1
dist_nest_loop_simple	1
dist_nest_loop_simple	1
generated_column	
generated_column	
generated_column	
generated_column	
generated_column	
generated_column	
generated_column	
generated_column	
generated_column	
intersect	1
intersect	1
intersect	1
intersect	1
intersect	1
intersect	1
intersect	1
intersect	1
intersect	1
topk	
topk	
topk	
topk	
topk	
topk	
topk	
topk	
topk	
topk	
topk	
topk	
topk	
topk	
topk	
topk	
topk	
topk	
topk	
topk	
topk	
topk	
topk	
topk	
topk	
topk	
topk	
topk	
topk	
topk	
topk	
topk	
topk	
view_2	1
view_2	1
array.array_arith_op_mysql	19
array.array_arith_op_mysql	19
datatype.div	14
datatype.div	2
executor.basic	20
executor.basic	20
executor.basic	20
executor.basic	20
executor.basic	20
executor.basic	21
executor.basic	20
executor.basic	23
executor.basic	12
executor.basic	12
executor.basic	12
executor.basic	12
executor.basic	1
executor.basic	1
executor.basic	1
executor.basic	1
executor.basic	12
executor.basic	12
executor.basic	12
executor.basic	12
executor.basic	14
executor.basic	11
executor.basic	14
executor.basic	10
executor.basic	5
executor.basic	4
executor.basic	5
executor.basic	4
executor.basic	5
executor.basic	4
executor.basic	5
executor.basic	4
executor.basic	5
executor.basic	4
executor.basic	5
executor.basic	4
executor.basic	5
executor.basic	4
executor.basic	5
executor.basic	4
executor.basic	5
executor.basic	4
executor.basic	5
executor.basic	4
executor.basic	5
executor.basic	4
executor.basic	5
executor.basic	4
executor.basic	4
executor.basic	4
executor.basic	4
executor.basic	4
executor.basic	4
executor.basic	4
executor.basic	4
executor.basic	4
executor.basic	4
executor.basic	4
executor.basic	4
executor.basic	4
executor.basic	4
executor.basic	4
executor.basic	4
executor.basic	4
executor.basic	4
executor.basic	4
executor.basic	4
executor.basic	4
executor.basic	4
executor.basic	4
executor.basic	4
executor.basic	4
executor.basic	4
executor.basic	4
executor.basic	4
executor.basic	4
executor.basic	4
executor.basic	4
executor.basic	4
executor.basic	4
executor.basic	4
executor.basic	4
executor.basic	5
executor.basic	5
executor.basic	4
executor.basic	5
executor.basic	4
executor.basic	5
executor.basic	4
executor.basic	5
executor.basic	4
executor.basic	5
executor.basic	4
executor.basic	4
executor.basic	4
executor.basic	4
executor.basic	4
executor.basic	4
executor.basic	4
executor.basic	5
executor.basic	4
executor.basic	4
executor.basic	4
executor.basic	4
executor.basic	4
executor.basic	4
executor.basic	5
executor.basic	4
executor.basic	5
executor.basic	4
executor.basic	5
executor.basic	4
executor.basic	5
executor.basic	4
executor.basic	5
executor.basic	4
executor.basic	5
executor.basic	4
executor.basic	5
executor.basic	4
executor.basic	5
executor.basic	4
executor.basic	5
executor.basic	4
executor.basic	5
executor.basic	4
executor.basic	5
executor.basic	4
executor.basic	5
executor.basic	4
executor.basic	4
executor.basic	4
executor.basic	4
executor.basic	4
executor.basic	4
executor.basic	4
executor.basic	4
executor.basic	4
executor.basic	4
executor.basic	4
executor.basic	4
executor.basic	4
executor.basic	4
executor.basic	4
executor.basic	4
executor.basic	4
executor.basic	4
executor.basic	4
executor.basic	4
executor.basic	4
executor.basic	4
executor.basic	4
executor.basic	4
executor.basic	4
executor.basic	4
executor.basic	4
executor.basic	4
executor.basic	4
executor.basic	4
executor.basic	4
executor.basic	4
executor.basic	4
executor.basic	4
executor.basic	4
executor.basic	4
executor.basic	4
executor.basic	4
executor.basic	4
executor.basic	4
executor.basic	4
executor.basic	4
executor.basic	4
executor.basic	4
executor.basic	4
executor.basic	4
executor.basic	4
executor.basic	5
executor.basic	5
executor.basic	4
executor.basic	5
executor.basic	4
executor.basic	5
executor.basic	4
executor.basic	5
executor.basic	4
executor.basic	5
executor.basic	4
executor.basic	4
executor.basic	4
executor.basic	4
executor.basic	4
executor.basic	4
executor.basic	4
executor.basic	5
executor.basic	4
executor.basic	4
executor.basic	4
executor.basic	4
executor.basic	4
executor.basic	4
executor.basic	1
executor.basic	1
executor.basic	1
executor.basic	1
executor.basic	1
executor.basic	1
executor.basic	1
executor.basic	1
executor.basic	1
executor.basic	1
executor.basic	1
executor.basic	1
executor.basic	1
executor.basic	1
executor.basic	1
executor.basic	1
executor.basic	1
executor.basic	1
executor.basic	1
executor.basic	1
executor.basic	10
executor.basic	10
executor.basic	10
executor.basic	10
executor.basic	10
executor.basic	10
executor.basic	10
executor.basic	10
executor.basic	10
executor.basic	5
executor.basic	10
executor.basic	10
executor.basic	10
executor.basic	10
executor.basic	10
executor.basic	10
executor.basic	10
executor.basic	10
executor.basic	10
executor.basic	5
executor.full_join	20
executor.full_join	20
executor.full_join	20
executor.full_join	20
executor.full_join	20
executor.full_join	20
executor.full_join	20
executor.full_join	20
executor.full_join	20
executor.full_join	20
executor.full_join	20
executor.full_join	20
executor.full_join	20
executor.full_join	20
executor.full_join	20
executor.full_join	20
executor.full_join	20
executor.full_join	20
executor.full_join	20
executor.full_join	20
executor.full_join	20
executor.full_join	20
executor.full_join	20
executor.full_join	20
executor.full_join	20
executor.full_join	20
executor.full_join	20
executor.full_join	20
executor.full_join	20
executor.full_join	20
executor.full_join	20
executor.full_join	20
executor.full_join	20
executor.full_join	20
executor.full_join	20
executor.full_join	20
executor.full_join	20
executor.full_join	20
executor.full_join	20
executor.full_join	20
executor.full_join	20
executor.full_join	20
executor.full_join	20
executor.full_join	20
executor.full_join	20
executor.full_join	20
executor.full_join	20
executor.full_join	20
executor.full_join	20
executor.full_join	20
executor.full_join	20
executor.full_join	20
executor.full_join	20
executor.full_join	20
executor.full_join	20
executor.full_join	20
executor.full_join	20
executor.full_join	20
executor.full_join	20
executor.full_join	20
executor.full_join	20
executor.full_join	20
executor.full_join	20
executor.full_join	20
executor.full_join	20
executor.full_join	20
executor.full_join	20
executor.full_join	20
executor.full_join	20
executor.full_join	20
executor.full_join	20
executor.full_join	20
fork_table.fork_table_with_index	1
fork_table.fork_table_with_index	1
fts_index.basic_dml	1
fts_index.basic_dml	0
fts_index.basic_dml	1
fts_index.basic_dml_sequel	1
fts_index.partitioned_simple_query	5
fts_index.partitioned_simple_query	5
fts_index.partitioned_simple_query	5
fts_index.partitioned_simple_query	5
fts_index.partitioned_simple_query	3
fts_index.partitioned_simple_query	1
fts_index.partitioned_simple_query	1
fts_index.partitioned_simple_query	1
fts_index.simple_query	1
fts_index.simple_query	1
fts_index.simple_query	1
fts_index.simple_query	1
fts_index.simple_query	1
fts_index.simple_query	1
fts_index.simple_query	1
fts_index.simple_query	1
fts_index.simple_query	1
fts_index.simple_query	1
fts_index.simple_query	1
fts_index.simple_query	1
fts_index.simple_query	1
geometry.geometry_basic_mysql	
geometry.geometry_bugfix_mysql	1
geometry.geometry_bugfix_mysql	9
geometry.geometry_bugfix_mysql	3
geometry.geometry_bugfix_mysql	9
geometry.geometry_bugfix_mysql	3
geometry.geometry_bugfix_mysql	9
geometry.geometry_bugfix_mysql	3
geometry.geometry_bugfix_mysql	9
geometry.geometry_bugfix_mysql	3
geometry.geometry_bugfix_mysql	3
geometry.geometry_filter_mysql	
geometry.geometry_filter_mysql	
geometry.geometry_filter_mysql	
geometry.geometry_filter_mysql	
geometry.geometry_filter_mysql	
geometry.geometry_filter_mysql	
geometry.geometry_filter_mysql	
geometry.geometry_filter_mysql	
geometry.geometry_filter_mysql	
geometry.geometry_filter_mysql	
geometry.geometry_filter_mysql	
geometry.geometry_filter_mysql	
geometry.geometry_filter_mysql	
geometry.geometry_filter_mysql	
geometry.geometry_filter_mysql	
geometry.geometry_filter_mysql	
geometry.geometry_filter_mysql	
geometry.geometry_filter_mysql	
geometry.geometry_filter_mysql	
geometry.geometry_filter_mysql	
geometry.geometry_filter_mysql	
geometry.geometry_filter_mysql	
geometry.geometry_filter_mysql	
geometry.geometry_filter_mysql	
geometry.geometry_filter_mysql	
geometry.geometry_filter_mysql	
geometry.geometry_filter_mysql	
geometry.geometry_filter_mysql	
geometry.geometry_filter_mysql	
geometry.geometry_filter_mysql	
geometry.geometry_filter_mysql	
geometry.geometry_filter_mysql	
geometry.geometry_filter_mysql	
geometry.geometry_filter_mysql	
geometry.geometry_filter_mysql	
geometry.geometry_filter_mysql	
geometry.geometry_filter_mysql	
geometry.geometry_filter_mysql	
geometry.geometry_filter_mysql	10
geometry.geometry_generated_col_mysql	1
geometry.geometry_generated_col_mysql	1
geometry.geometry_generated_col_mysql	1
geometry.geometry_generated_col_mysql	1
geometry.geometry_generated_col_mysql	1
geometry.geometry_generated_col_mysql	1
geometry.geometry_generated_col_mysql	1
geometry.geometry_index_mysql	
geometry.geometry_index_mysql	
geometry.geometry_index_mysql	
geometry.geometry_index_mysql	
geometry.geometry_index_mysql	
geometry.geometry_partition_table_mysql	1
geometry.geometry_partition_table_mysql	1
geometry.geometry_partition_table_mysql	1
geometry.geometry_partition_table_mysql	1
geometry.geometry_partition_table_mysql	1
geometry.geometry_partition_table_mysql	1
geometry.geometry_partition_table_mysql	1
geometry.geometry_partition_table_mysql	1
geometry.geometry_partition_table_mysql	1
geometry.geometry_partition_table_mysql	1
geometry.geometry_partition_table_mysql	1
geometry.geometry_partition_table_mysql	1
geometry.geometry_partition_table_mysql	1
geometry.spatial_relation_join_mysql	
geometry.spatial_relation_join_mysql	
geometry.spatial_relation_join_mysql	
geometry.spatial_relation_join_mysql	
geometry.spatial_relation_join_mysql	
geometry.spatial_relation_join_mysql	
global_index.global_index_lookup_1	5
global_index.global_index_lookup_1	5
global_index.global_index_lookup_1	5
global_index.global_index_lookup_1	5
global_index.global_index_lookup_1	5
global_index.global_index_lookup_1	5
global_index.global_index_lookup_1	5
global_index.global_index_lookup_1	5
global_index.global_index_lookup_1	5
global_index.global_index_lookup_1	5
global_index.global_index_lookup_1	5
global_index.global_index_lookup_1	5
global_index.global_index_lookup_1	5
global_index.global_index_lookup_1	5
global_index.global_index_lookup_1	5
global_index.global_index_lookup_1	5
global_index.global_index_lookup_1	5
global_index.global_index_lookup_1	5
global_index.global_index_lookup_1	5
global_index.global_index_lookup_1	5
global_index.global_index_lookup_1	2
global_index.global_index_lookup_1	1
global_index.global_index_lookup_2	5
global_index.global_index_lookup_2	5
global_index.global_index_lookup_2	5
global_index.global_index_lookup_2	5
global_index.global_index_lookup_2	5
global_index.global_index_lookup_2	5
global_index.global_index_lookup_2	5
global_index.global_index_lookup_2	5
global_index.global_index_lookup_2	5
global_index.global_index_lookup_2	5
global_index.global_index_lookup_2	5
global_index.global_index_lookup_2	5
global_index.global_index_lookup_2	5
global_index.global_index_lookup_2	5
global_index.global_index_lookup_2	5
global_index.global_index_lookup_2	5
global_index.global_index_lookup_2	5
global_index.global_index_lookup_2	5
global_index.global_index_lookup_2	5
global_index.global_index_lookup_2	5
global_index.global_index_lookup_3	5
global_index.global_index_lookup_3	5
global_index.global_index_lookup_3	5
global_index.global_index_lookup_3	5
global_index.global_index_lookup_3	5
global_index.global_index_lookup_3	5
global_index.global_index_lookup_3	5
global_index.global_index_lookup_3	5
global_index.global_index_lookup_3	5
global_index.global_index_lookup_3	5
global_index.global_index_lookup_3	5
global_index.global_index_lookup_3	5
global_index.global_index_lookup_3	5
global_index.global_index_lookup_3	5
global_index.global_index_lookup_3	5
global_index.global_index_lookup_3	5
global_index.global_index_lookup_3	5
global_index.global_index_lookup_3	5
global_index.global_index_lookup_3	5
global_index.global_index_lookup_3	5
global_index.global_index_lookup_5	5
global_index.global_index_lookup_5	5
global_index.global_index_lookup_5	5
global_index.global_index_lookup_5	5
global_index.global_index_lookup_5	5
global_index.global_index_lookup_5	5
global_index.global_index_lookup_5	5
global_index.global_index_lookup_5	5
global_index.global_index_lookup_5	5
global_index.global_index_lookup_5	5
global_index.global_index_lookup_5	5
global_index.global_index_lookup_5	5
global_index.global_index_lookup_5	5
global_index.global_index_lookup_5	5
global_index.global_index_lookup_5	5
global_index.global_index_lookup_5	5
global_index.global_index_lookup_5	5
global_index.global_index_lookup_5	5
global_index.global_index_lookup_5	5
global_index.global_index_lookup_5	5
global_index.global_index_lookup_6	
groupby.group_by_basic	
groupby.group_by_basic	
subquery.optimizer_subquery_bug	3
subquery.optimizer_subquery_bug	3
subquery.optimizer_subquery_bug	3
subquery.optimizer_subquery_bug	3
subquery.optimizer_subquery_bug	3
subquery.optimizer_subquery_bug	1
subquery.optimizer_subquery_bug	3
subquery.optimizer_subquery_bug	1
subquery.optimizer_subquery_bug	3
subquery.optimizer_subquery_bug	1
subquery.optimizer_subquery_bug	3
subquery.optimizer_subquery_bug	1
subquery.optimizer_subquery_bug	3
subquery.optimizer_subquery_bug	3
subquery.optimizer_subquery_bug	3
subquery.optimizer_subquery_bug	3
subquery.optimizer_subquery_bug	3
subquery.optimizer_subquery_bug	3
subquery.optimizer_subquery_bug	3
subquery.optimizer_subquery_bug	3
subquery.optimizer_subquery_bug	1
subquery.optimizer_subquery_bug	3
subquery.optimizer_subquery_bug	3
subquery.optimizer_subquery_bug	3
subquery.optimizer_subquery_bug	3
subquery.optimizer_subquery_bug	3
subquery.optimizer_subquery_bug	3
subquery.optimizer_subquery_bug	3
subquery.optimizer_subquery_bug	3
subquery.optimizer_subquery_bug	1
subquery.optimizer_subquery_bug	1
subquery.optimizer_subquery_bug	3
subquery.optimizer_subquery_bug	3
subquery.optimizer_subquery_bug	1
subquery.optimizer_subquery_bug	1
subquery.optimizer_subquery_bug	48
subquery.optimizer_subquery_bug	1
subquery.optimizer_subquery_bug	48
subquery.optimizer_subquery_bug	10
subquery.optimizer_subquery_bug	2
subquery.optimizer_subquery_bug	1
subquery.optimizer_subquery_bug	100
subquery.optimizer_subquery_bug	10
subquery.optimizer_subquery_bug	2
subquery.optimizer_subquery_bug	1
subquery.optimizer_subquery_bug	100
subquery.optimizer_subquery_bug	1
subquery.optimizer_subquery_bug	1
subquery.optimizer_subquery_bug	1
subquery.optimizer_subquery_bug	1
subquery.optimizer_subquery_bug	1
subquery.optimizer_subquery_bug	1
subquery.optimizer_subquery_bug	1
subquery.optimizer_subquery_bug	1
subquery.optimizer_subquery_bug	2
subquery.optimizer_subquery_bug	1
subquery.optimizer_subquery_bug	1
subquery.optimizer_subquery_bug	1
subquery.optimizer_subquery_bug	1
subquery.optimizer_subquery_bug	5
subquery.optimizer_subquery_bug	1
subquery.optimizer_subquery_bug	5
subquery.optimizer_subquery_bug	2
subquery.optimizer_subquery_bug	1
subquery.optimizer_subquery_bug	1
subquery.optimizer_subquery_bug	1
subquery.optimizer_subquery_bug	1
subquery.optimizer_subquery_bug	1
subquery.optimizer_subquery_bug	1
subquery.optimizer_subquery_bug	1
subquery.optimizer_subquery_bug	1
subquery.optimizer_subquery_bug	1
subquery.optimizer_subquery_bug	1
subquery.rqg_subquery_semijoin_mismatch	
subquery.rqg_subquery_semijoin_mismatch	
subquery.spf_bug13044302	3
subquery.spf_bug13044302	2
subquery.spf_bug13044302	1
subquery.spf_bug13044302	2
subquery.spf_bug13044302	3
subquery.spf_bug13044302	2
subquery.spf_bug13044302	2
subquery.spf_bug13044302	1
subquery.spf_bug13044302	1
subquery.spf_bug13044302	1
subquery.spf_bug13044302	3
subquery.spf_bug13044302	1
subquery.spf_bug13044302	2
subquery.spf_bug13044302	3
subquery.spf_bug13044302	2
subquery.spf_bug13044302	1
subquery.spf_bug13044302	2
subquery.spf_bug13044302	3
subquery.spf_bug13044302	2
subquery.spf_bug13044302	1
subquery.spf_bug13044302	2
subquery.spf_bug13044302	3
subquery.subquery	1
subquery.subquery	2
subquery.subquery	2
subquery.subquery	2
subquery.subquery	1
subquery.subquery	2
subquery.subquery	1
subquery.subquery	2
subquery.subquery	2
subquery.subquery	1
subquery.subquery	2
subquery.subquery	1
subquery.subquery	1
subquery.subquery	2
subquery.subquery	1
subquery.subquery	2
subquery.subquery	2
subquery.subquery	2
subquery.subquery	2
subquery.subquery	2
subquery.subquery	2
subquery.subquery	2
subquery.subquery	2
subquery.subquery	2
subquery.subquery	2
subquery.subquery	2
subquery.subquery	2
subquery.subquery	2
subquery.subquery	2
subquery.subquery	1
subquery.subquery	1
subquery.subquery	2
subquery.subquery	1
subquery.subquery	2
subquery.subquery	1
subquery.subquery	1
subquery.subquery	1
subquery.subquery	1
subquery.subquery	1
subquery.subquery	1
subquery.subquery	1
subquery.subquery	1
subquery.subquery	1
subquery.subquery	1
subquery.subquery	1
subquery.subquery	1
subquery.subquery	1
subquery.subquery	0
subquery.subquery	0
subquery.subquery	1
subquery.subquery	1
subquery.subquery	0
subquery.subquery	1
subquery.subquery	1
subquery.subquery	1
subquery.subquery	1
subquery.subquery	1
subquery.subquery	1
subquery.subquery	1
subquery.subquery	1
subquery.subquery	1
subquery.subquery	1
subquery.subquery	1
subquery.subquery	1
subquery.subquery	1
subquery.subquery	1
subquery.subquery	1
subquery.subquery	1
subquery.subquery	1
subquery.subquery	1
subquery.subquery	1
subquery.subquery	1
subquery.subquery	1
subquery.subquery	1
subquery.subquery	1
subquery.subquery	1
subquery.subquery	1
subquery.subquery	1
subquery.subquery	1
subquery.subquery	1
subquery.subquery	1
subquery.subquery	1
subquery.subquery	1
subquery.subquery	1
subquery.subquery	1
subquery.subquery	1
subquery.subquery	1
subquery.subquery	1
subquery.subquery	1
subquery.subquery	1
subquery.subquery	1
subquery.subquery	1
subquery.subquery	1
subquery.subquery	1
subquery.subquery_sj_firstmatch	2
subquery.subquery_sj_firstmatch	1
subquery.subquery_sj_firstmatch	1
subquery.subquery_sj_firstmatch	8
subquery.subquery_sj_firstmatch	2
subquery.subquery_sj_firstmatch	1
subquery.subquery_sj_firstmatch	1
subquery.subquery_sj_firstmatch	2
subquery.subquery_sj_firstmatch	1
subquery.subquery_sj_firstmatch	1
subquery.subquery_sj_firstmatch	8
subquery.subquery_sj_innodb	3
subquery.subquery_sj_innodb	10
subquery.subquery_sj_innodb	3
subquery.subquery_sj_innodb	10
subquery.subquery_sj_innodb	10
subquery.subquery_sj_innodb	50
subquery.subquery_sj_innodb	3
subquery.subquery_sj_innodb	10
subquery.subquery_sj_innodb	1
subquery.subquery_sj_innodb	1
subquery.subquery_sj_innodb	1
subquery.subquery_sj_innodb	1
vector_index.vector_ivf_index_with_filter	4
