case	reason	source	status	in_cpp_vs_rust
type_date.type_create_time	Fails on this Mac every time against the Linux-recorded .result, for reasons unrelated to the code under test	seekdb-dev notes (report section 4)	seed; failed in both coverage passes	compared if the two C++ recordings agree
type_date.type_modify_time	Passes or fails by luck (timing)	seekdb-dev notes	seed; failed in both coverage passes	compared if the two C++ recordings agree
vector_index.sparse_vector_index_vsag_query	Ordering in approximate vector search	seekdb-dev notes	seed; failed in both coverage passes	compared if the two C++ recordings agree
histogram.stats_farm	Fails now and then	seekdb-dev notes	seed; passed in both coverage passes, stays listed	compared if the two C++ recordings agree
subquery.idx_with_const_expr_21_subquery_dilang	Timing: now() and current_timestamp() without digits are truncated to the whole second on both the INSERT and the SELECT, so date_add(current_timestamp(), interval -1 microsecond) is the start of the select's second minus 1 microsecond and excludes rows inserted in that same second; the nine -1 microsecond selects (from test line 103) return no rows when the now() inserts (lines 55-57) start in the same second as them, which a faster build makes more likely	coverage README; pass-B diff; investigations/subquery-datetime-rounding.md	confirmed 2026-09-24 on the reference (action 7): the unchanged case failed 4 of 20 runs; the diagnostic copy ran 20 times and the same-second rule explains all 20 (investigations/subquery-datetime-rounding.md)	compared if the two C++ recordings agree; the truncation of now() to whole seconds is also covered by family 5
vector_index.all_virtual_vector_index_info	PURGE RECYCLEBIN after vector index DDL can hang the reference until the 1,000 s DDL timeout (4012): the table lock of a purged table retries a tablet the GC has already deleted, because check_exist returns OB_TABLET_NOT_EXIST for a tablet whose status is deleted-for-GC (src/storage/tablelock/ob_table_lock_local_executor.cpp:64-68) and need_retry_partial_task_ retries that code, which is meant for a tablet still being created (src/storage/tablelock/ob_table_lock_service.cpp:1739-1747); whether the GC ran first is timing, and the case's own dropped tables are enough (05-plan rec2 hung with a fresh instance per case)	hangs seen: 01-ps rec1 (all_virtual_vector_index_info, binary protocol), 01-ps rec4 and 05-plan rec2 and 11-conc par-2 (create_table_with_vector_index), first-set mutation 07 and second-set mutation 01's first 272 run (rebuild_vector_index); evidence in 01-ps/rec4/purge-hang-evidence.txt, 05-plan/analysis/rec2-vector-failure/purge-hang-evidence.txt, 11-conc/par-2-hang-evidence/, mutations/01-ps-binary-timestamp-without-time-zone/all272/purge-hang-evidence.txt (under /Users/colin/seekdb-dev/mysqltest-runs/00b/second-set/)	added 2026-09-28 under decisions.md row 5c after the second-set reviews; the seven configured cases that send PURGE RECYCLEBIN, the three not yet seen hanging included, since they send the same statement after the same kind of DDL	compared if the two C++ recordings agree; a recording whose only failure is this hang (4012 on PURGE RECYCLEBIN, with 'tablet is already deleted' repeating in seekdb.log) is recorded again, for either build
vector_index.create_table_with_vector_index	PURGE RECYCLEBIN after vector index DDL can hang the reference until the 1,000 s DDL timeout (4012): the table lock of a purged table retries a tablet the GC has already deleted, because check_exist returns OB_TABLET_NOT_EXIST for a tablet whose status is deleted-for-GC (src/storage/tablelock/ob_table_lock_local_executor.cpp:64-68) and need_retry_partial_task_ retries that code, which is meant for a tablet still being created (src/storage/tablelock/ob_table_lock_service.cpp:1739-1747); whether the GC ran first is timing, and the case's own dropped tables are enough (05-plan rec2 hung with a fresh instance per case)	hangs seen: 01-ps rec1 (all_virtual_vector_index_info, binary protocol), 01-ps rec4 and 05-plan rec2 and 11-conc par-2 (create_table_with_vector_index), first-set mutation 07 and second-set mutation 01's first 272 run (rebuild_vector_index); evidence in 01-ps/rec4/purge-hang-evidence.txt, 05-plan/analysis/rec2-vector-failure/purge-hang-evidence.txt, 11-conc/par-2-hang-evidence/, mutations/01-ps-binary-timestamp-without-time-zone/all272/purge-hang-evidence.txt (under /Users/colin/seekdb-dev/mysqltest-runs/00b/second-set/)	added 2026-09-28 under decisions.md row 5c after the second-set reviews; the seven configured cases that send PURGE RECYCLEBIN, the three not yet seen hanging included, since they send the same statement after the same kind of DDL	compared if the two C++ recordings agree; a recording whose only failure is this hang (4012 on PURGE RECYCLEBIN, with 'tablet is already deleted' repeating in seekdb.log) is recorded again, for either build
vector_index.drop_vector_index	PURGE RECYCLEBIN after vector index DDL can hang the reference until the 1,000 s DDL timeout (4012): the table lock of a purged table retries a tablet the GC has already deleted, because check_exist returns OB_TABLET_NOT_EXIST for a tablet whose status is deleted-for-GC (src/storage/tablelock/ob_table_lock_local_executor.cpp:64-68) and need_retry_partial_task_ retries that code, which is meant for a tablet still being created (src/storage/tablelock/ob_table_lock_service.cpp:1739-1747); whether the GC ran first is timing, and the case's own dropped tables are enough (05-plan rec2 hung with a fresh instance per case)	hangs seen: 01-ps rec1 (all_virtual_vector_index_info, binary protocol), 01-ps rec4 and 05-plan rec2 and 11-conc par-2 (create_table_with_vector_index), first-set mutation 07 and second-set mutation 01's first 272 run (rebuild_vector_index); evidence in 01-ps/rec4/purge-hang-evidence.txt, 05-plan/analysis/rec2-vector-failure/purge-hang-evidence.txt, 11-conc/par-2-hang-evidence/, mutations/01-ps-binary-timestamp-without-time-zone/all272/purge-hang-evidence.txt (under /Users/colin/seekdb-dev/mysqltest-runs/00b/second-set/)	added 2026-09-28 under decisions.md row 5c after the second-set reviews; the seven configured cases that send PURGE RECYCLEBIN, the three not yet seen hanging included, since they send the same statement after the same kind of DDL	compared if the two C++ recordings agree; a recording whose only failure is this hang (4012 on PURGE RECYCLEBIN, with 'tablet is already deleted' repeating in seekdb.log) is recorded again, for either build
vector_index.rebuild_vector_index	PURGE RECYCLEBIN after vector index DDL can hang the reference until the 1,000 s DDL timeout (4012): the table lock of a purged table retries a tablet the GC has already deleted, because check_exist returns OB_TABLET_NOT_EXIST for a tablet whose status is deleted-for-GC (src/storage/tablelock/ob_table_lock_local_executor.cpp:64-68) and need_retry_partial_task_ retries that code, which is meant for a tablet still being created (src/storage/tablelock/ob_table_lock_service.cpp:1739-1747); whether the GC ran first is timing, and the case's own dropped tables are enough (05-plan rec2 hung with a fresh instance per case)	hangs seen: 01-ps rec1 (all_virtual_vector_index_info, binary protocol), 01-ps rec4 and 05-plan rec2 and 11-conc par-2 (create_table_with_vector_index), first-set mutation 07 and second-set mutation 01's first 272 run (rebuild_vector_index); evidence in 01-ps/rec4/purge-hang-evidence.txt, 05-plan/analysis/rec2-vector-failure/purge-hang-evidence.txt, 11-conc/par-2-hang-evidence/, mutations/01-ps-binary-timestamp-without-time-zone/all272/purge-hang-evidence.txt (under /Users/colin/seekdb-dev/mysqltest-runs/00b/second-set/)	added 2026-09-28 under decisions.md row 5c after the second-set reviews; the seven configured cases that send PURGE RECYCLEBIN, the three not yet seen hanging included, since they send the same statement after the same kind of DDL	compared if the two C++ recordings agree; a recording whose only failure is this hang (4012 on PURGE RECYCLEBIN, with 'tablet is already deleted' repeating in seekdb.log) is recorded again, for either build
vector_index.vector_index_partitioned	PURGE RECYCLEBIN after vector index DDL can hang the reference until the 1,000 s DDL timeout (4012): the table lock of a purged table retries a tablet the GC has already deleted, because check_exist returns OB_TABLET_NOT_EXIST for a tablet whose status is deleted-for-GC (src/storage/tablelock/ob_table_lock_local_executor.cpp:64-68) and need_retry_partial_task_ retries that code, which is meant for a tablet still being created (src/storage/tablelock/ob_table_lock_service.cpp:1739-1747); whether the GC ran first is timing, and the case's own dropped tables are enough (05-plan rec2 hung with a fresh instance per case)	hangs seen: 01-ps rec1 (all_virtual_vector_index_info, binary protocol), 01-ps rec4 and 05-plan rec2 and 11-conc par-2 (create_table_with_vector_index), first-set mutation 07 and second-set mutation 01's first 272 run (rebuild_vector_index); evidence in 01-ps/rec4/purge-hang-evidence.txt, 05-plan/analysis/rec2-vector-failure/purge-hang-evidence.txt, 11-conc/par-2-hang-evidence/, mutations/01-ps-binary-timestamp-without-time-zone/all272/purge-hang-evidence.txt (under /Users/colin/seekdb-dev/mysqltest-runs/00b/second-set/)	added 2026-09-28 under decisions.md row 5c after the second-set reviews; the seven configured cases that send PURGE RECYCLEBIN, the three not yet seen hanging included, since they send the same statement after the same kind of DDL	compared if the two C++ recordings agree; a recording whose only failure is this hang (4012 on PURGE RECYCLEBIN, with 'tablet is already deleted' repeating in seekdb.log) is recorded again, for either build
vector_index.vector_index_post_create	PURGE RECYCLEBIN after vector index DDL can hang the reference until the 1,000 s DDL timeout (4012): the table lock of a purged table retries a tablet the GC has already deleted, because check_exist returns OB_TABLET_NOT_EXIST for a tablet whose status is deleted-for-GC (src/storage/tablelock/ob_table_lock_local_executor.cpp:64-68) and need_retry_partial_task_ retries that code, which is meant for a tablet still being created (src/storage/tablelock/ob_table_lock_service.cpp:1739-1747); whether the GC ran first is timing, and the case's own dropped tables are enough (05-plan rec2 hung with a fresh instance per case)	hangs seen: 01-ps rec1 (all_virtual_vector_index_info, binary protocol), 01-ps rec4 and 05-plan rec2 and 11-conc par-2 (create_table_with_vector_index), first-set mutation 07 and second-set mutation 01's first 272 run (rebuild_vector_index); evidence in 01-ps/rec4/purge-hang-evidence.txt, 05-plan/analysis/rec2-vector-failure/purge-hang-evidence.txt, 11-conc/par-2-hang-evidence/, mutations/01-ps-binary-timestamp-without-time-zone/all272/purge-hang-evidence.txt (under /Users/colin/seekdb-dev/mysqltest-runs/00b/second-set/)	added 2026-09-28 under decisions.md row 5c after the second-set reviews; the seven configured cases that send PURGE RECYCLEBIN, the three not yet seen hanging included, since they send the same statement after the same kind of DDL	compared if the two C++ recordings agree; a recording whose only failure is this hang (4012 on PURGE RECYCLEBIN, with 'tablet is already deleted' repeating in seekdb.log) is recorded again, for either build
vector_index.vector_index_rebuild	PURGE RECYCLEBIN after vector index DDL can hang the reference until the 1,000 s DDL timeout (4012): the table lock of a purged table retries a tablet the GC has already deleted, because check_exist returns OB_TABLET_NOT_EXIST for a tablet whose status is deleted-for-GC (src/storage/tablelock/ob_table_lock_local_executor.cpp:64-68) and need_retry_partial_task_ retries that code, which is meant for a tablet still being created (src/storage/tablelock/ob_table_lock_service.cpp:1739-1747); whether the GC ran first is timing, and the case's own dropped tables are enough (05-plan rec2 hung with a fresh instance per case)	hangs seen: 01-ps rec1 (all_virtual_vector_index_info, binary protocol), 01-ps rec4 and 05-plan rec2 and 11-conc par-2 (create_table_with_vector_index), first-set mutation 07 and second-set mutation 01's first 272 run (rebuild_vector_index); evidence in 01-ps/rec4/purge-hang-evidence.txt, 05-plan/analysis/rec2-vector-failure/purge-hang-evidence.txt, 11-conc/par-2-hang-evidence/, mutations/01-ps-binary-timestamp-without-time-zone/all272/purge-hang-evidence.txt (under /Users/colin/seekdb-dev/mysqltest-runs/00b/second-set/)	added 2026-09-28 under decisions.md row 5c after the second-set reviews; the seven configured cases that send PURGE RECYCLEBIN, the three not yet seen hanging included, since they send the same statement after the same kind of DDL	compared if the two C++ recordings agree; a recording whose only failure is this hang (4012 on PURGE RECYCLEBIN, with 'tablet is already deleted' repeating in seekdb.log) is recorded again, for either build
